,sym1,sym2,pValue,tValue,cValue,hedgeRatio,zeroCrossings
357,CHRUSDT,CTCUSDT,0.0,-4.73,-3.37,0.3,62
301,BITUSDT,ILVUSDT,0.0,-5.07,-3.37,0.01,58
1278,SLPUSDT,OCEANUSDT,0.03,-3.48,-3.37,0.02,55
329,CHRUSDT,1000BTTUSDT,0.01,-3.81,-3.37,163.72,53
802,KLAYUSDT,GLMRUSDT,0.01,-3.81,-3.37,0.49,49
1261,SLPUSDT,FTMUSDT,0.01,-3.83,-3.37,0.01,49
1457,XTZUSDT,CTCUSDT,0.0,-4.79,-3.37,2.68,48
848,LINAUSDT,BSWUSDT,0.0,-4.28,-3.37,0.03,48
1433,WAVESUSDT,ICPUSDT,0.03,-3.5,-3.37,0.59,48
811,KLAYUSDT,SOLUSDT,0.01,-4.09,-3.37,0.01,46
1187,SANDUSDT,BICOUSDT,0.0,-4.34,-3.37,1.97,46
685,FTMUSDT,1000BTTUSDT,0.0,-4.52,-3.37,265.17,46
283,AVAXUSDT,CTCUSDT,0.04,-3.42,-3.37,33.8,46
800,KLAYUSDT,BOBAUSDT,0.0,-4.87,-3.37,0.82,46
1254,SLPUSDT,CTCUSDT,0.0,-4.11,-3.37,0.01,46
794,IOTXUSDT,1000BTTUSDT,0.01,-3.92,-3.37,35.29,46
1008,LUNA2USDT,AKROUSDT,0.0,-4.31,-3.37,575.69,45
1044,NEOUSDT,AUDIOUSDT,0.0,-4.39,-3.37,45.4,45
1252,SLPUSDT,COMPUSDT,0.04,-3.43,-3.37,0.0,45
18,1000LUNCUSDT,AKROUSDT,0.0,-5.31,-3.37,59.19,45
580,DUSKUSDT,ILVUSDT,0.0,-5.09,-3.37,0.0,45
1147,REEFUSDT,BOBAUSDT,0.0,-5.31,-3.37,0.01,44
304,BITUSDT,KDAUSDT,0.04,-3.4,-3.37,0.34,44
1215,SKLUSDT,CTCUSDT,0.03,-3.48,-3.37,0.07,44
682,FLOWUSDT,CTCUSDT,0.0,-4.67,-3.37,3.18,44
1270,SLPUSDT,LINAUSDT,0.01,-3.86,-3.37,0.43,43
1267,SLPUSDT,IOSTUSDT,0.0,-4.56,-3.37,0.3,43
1240,SLPUSDT,AVAXUSDT,0.03,-3.49,-3.37,0.0,43
211,API3USDT,ADAUSDT,0.03,-3.51,-3.37,4.41,42
1234,SLPUSDT,1000BTTUSDT,0.02,-3.72,-3.37,3.73,42
1272,SLPUSDT,LITUSDT,0.03,-3.59,-3.37,0.0,42
146,AGLDUSDT,CTCUSDT,0.0,-4.34,-3.37,0.68,42
577,DUSKUSDT,GALAUSDT,0.03,-3.51,-3.37,3.35,42
750,GLMRUSDT,BOBAUSDT,0.0,-5.6,-3.37,1.67,42
801,KLAYUSDT,CTCUSDT,0.0,-5.23,-3.37,0.46,42
1259,SLPUSDT,DOTUSDT,0.01,-3.98,-3.37,0.0,42
1290,SXPUSDT,BOBAUSDT,0.0,-5.67,-3.37,1.11,41
140,AGLDUSDT,BICOUSDT,0.0,-4.48,-3.37,0.87,41
1276,SLPUSDT,MINAUSDT,0.01,-3.79,-3.37,0.0,41
551,DGBUSDT,1000BTTUSDT,0.01,-3.99,-3.37,10.33,40
326,CELUSDT,ALICEUSDT,0.0,-4.63,-3.37,0.4,40
1171,RVNUSDT,ADAUSDT,0.02,-3.72,-3.37,0.07,40
1256,SLPUSDT,DARUSDT,0.01,-3.88,-3.37,0.02,40
1082,OMGUSDT,XNOUSDT,0.01,-3.95,-3.37,1.9,40
1475,XTZUSDT,SOLUSDT,0.04,-3.44,-3.37,0.08,40
1296,THETAUSDT,CELUSDT,0.0,-4.71,-3.37,1.84,40
715,GALAUSDT,CTCUSDT,0.0,-4.41,-3.37,0.07,40
1027,MANAUSDT,AKROUSDT,0.03,-3.58,-3.37,143.67,39
1033,MANAUSDT,BOBAUSDT,0.0,-4.6,-3.37,1.9,39
725,GALUSDT,BOBAUSDT,0.0,-5.49,-3.37,6.6,39
49,1000XECUSDT,SCUSDT,0.05,-3.37,-3.37,11.62,39
643,ENJUSDT,TLMUSDT,0.03,-3.53,-3.37,19.87,39
1472,XTZUSDT,RNDRUSDT,0.0,-4.62,-3.37,2.23,39
585,DUSKUSDT,SCUSDT,0.04,-3.42,-3.37,34.6,39
1461,XTZUSDT,GLMRUSDT,0.0,-4.24,-3.37,2.89,39
697,FTMUSDT,IOTXUSDT,0.03,-3.49,-3.37,7.51,39
1069,OCEANUSDT,BOBAUSDT,0.0,-4.64,-3.37,0.61,39
712,GALAUSDT,BOBAUSDT,0.0,-5.33,-3.37,0.13,39
583,DUSKUSDT,RNDRUSDT,0.0,-4.58,-3.37,0.2,39
1236,SLPUSDT,ADAUSDT,0.0,-4.14,-3.37,0.01,38
320,BTCUSDT,STXUSDT,0.02,-3.6,-3.37,73436.04,38
954,LRCUSDT,CTCUSDT,0.0,-4.46,-3.37,0.65,38
228,API3USDT,CTCUSDT,0.02,-3.74,-3.37,3.87,38
1251,SLPUSDT,CELUSDT,0.02,-3.76,-3.37,0.01,38
763,GRTUSDT,BOBAUSDT,0.0,-5.57,-3.37,0.28,38
1081,OMGUSDT,SLPUSDT,0.02,-3.64,-3.37,451.72,38
236,API3USDT,FILUSDT,0.01,-3.78,-3.37,0.33,37
961,LRCUSDT,FLOWUSDT,0.01,-4.05,-3.37,0.2,37
581,DUSKUSDT,KNCUSDT,0.0,-4.75,-3.37,0.15,37
982,LRCUSDT,RNDRUSDT,0.0,-4.79,-3.37,0.54,37
333,CHRUSDT,ADAUSDT,0.01,-3.77,-3.37,0.34,37
286,AVAXUSDT,MINAUSDT,0.0,-5.14,-3.37,22.82,37
695,FTMUSDT,ICPUSDT,0.02,-3.61,-3.37,0.05,37
847,LINAUSDT,BOBAUSDT,0.0,-4.52,-3.37,0.03,37
680,FLOWUSDT,CELUSDT,0.0,-4.53,-3.37,2.48,37
622,ENJUSDT,CELUSDT,0.0,-4.26,-3.37,0.63,37
1070,OCEANUSDT,BSWUSDT,0.01,-3.86,-3.37,0.61,36
25,1000LUNCUSDT,BOBAUSDT,0.03,-3.5,-3.37,0.78,36
1258,SLPUSDT,DENTUSDT,0.04,-3.46,-3.37,3.72,36
1245,SLPUSDT,BICOUSDT,0.04,-3.41,-3.37,0.01,36
573,DUSKUSDT,BOBAUSDT,0.0,-5.17,-3.37,0.43,36
234,API3USDT,DGBUSDT,0.02,-3.7,-3.37,205.75,36
872,LOOKSUSDT,CELUSDT,0.03,-3.49,-3.37,0.27,35
434,COMPUSDT,DOTUSDT,0.0,-4.45,-3.37,7.1,35
619,ENJUSDT,BOBAUSDT,0.0,-4.34,-3.37,1.46,35
751,GLMRUSDT,BSWUSDT,0.0,-4.5,-3.37,1.67,35
991,LRCUSDT,STXUSDT,0.02,-3.61,-3.37,1.05,35
97,ACHUSDT,CTCUSDT,0.0,-4.97,-3.37,0.03,35
391,CHRUSDT,SCUSDT,0.01,-4.05,-3.37,43.44,35
983,LRCUSDT,RSRUSDT,0.0,-4.27,-3.37,61.35,35
322,CEEKUSDT,1000XECUSDT,0.04,-3.46,-3.37,3.37,35
42,1000XECUSDT,BOBAUSDT,0.01,-3.98,-3.37,0.14,35
1454,XTZUSDT,BOBAUSDT,0.0,-5.27,-3.37,4.82,35
30,1000LUNCUSDT,HOTUSDT,0.0,-5.15,-3.37,104.88,35
963,LRCUSDT,GLMRUSDT,0.0,-4.18,-3.37,0.7,35
1499,YGGUSDT,BOBAUSDT,0.0,-4.24,-3.37,1.06,35
1166,RSRUSDT,BOBAUSDT,0.0,-5.77,-3.37,0.02,35
298,BITUSDT,BOBAUSDT,0.0,-5.24,-3.37,1.42,34
793,IOSTUSDT,CELUSDT,0.02,-3.65,-3.37,0.02,34
640,ENJUSDT,STXUSDT,0.0,-4.49,-3.37,1.31,34
638,ENJUSDT,SHIB1000USDT,0.01,-4.0,-3.37,33.46,34
575,DUSKUSDT,CTCUSDT,0.0,-4.55,-3.37,0.24,34
431,COMPUSDT,CTCUSDT,0.01,-4.03,-3.37,105.87,34
563,DODOUSDT,ICXUSDT,0.01,-3.82,-3.37,0.72,34
246,API3USDT,LITUSDT,0.0,-4.7,-3.37,2.08,34
587,DUSKUSDT,SOLUSDT,0.02,-3.71,-3.37,0.01,34
1148,REEFUSDT,BSWUSDT,0.0,-4.58,-3.37,0.01,34
1413,USDCUSDT,1000BTTUSDT,0.0,-13.3,-3.37,1554.97,34
33,1000LUNCUSDT,SCUSDT,0.0,-4.24,-3.37,63.64,34
124,ADAUSDT,1000XECUSDT,0.0,-8.63,-3.37,11.01,33
666,FLOWUSDT,AKROUSDT,0.04,-3.4,-3.37,431.55,33
1001,LRCUSDT,XNOUSDT,0.04,-3.39,-3.37,0.4,33
747,GLMRUSDT,BICOUSDT,0.01,-3.92,-3.37,1.2,33
1260,SLPUSDT,ENJUSDT,0.04,-3.38,-3.37,0.01,33
808,KLAYUSDT,RNDRUSDT,0.0,-4.67,-3.37,0.38,33
916,LOOKSUSDT,SUSHIUSDT,0.03,-3.58,-3.37,0.11,33
148,AGLDUSDT,DARUSDT,0.0,-4.17,-3.37,1.9,33
217,API3USDT,AUDIOUSDT,0.0,-4.56,-3.37,9.65,33
826,KNCUSDT,BOBAUSDT,0.0,-5.45,-3.37,2.86,33
1484,XTZUSDT,XNOUSDT,0.02,-3.69,-3.37,1.67,33
1054,NEOUSDT,FLMUSDT,0.04,-3.39,-3.37,85.36,33
1167,RSRUSDT,CELUSDT,0.05,-3.37,-3.37,0.01,33
1425,VETUSDT,BOBAUSDT,0.01,-4.07,-3.37,0.09,33
867,LOOKSUSDT,BOBAUSDT,0.0,-4.63,-3.37,0.62,33
1076,OMGUSDT,BOBAUSDT,0.03,-3.53,-3.37,5.51,33
740,GLMRUSDT,AVAXUSDT,0.03,-3.53,-3.37,0.03,33
1083,ONEUSDT,AUDIOUSDT,0.01,-3.95,-3.37,0.09,33
957,LRCUSDT,DOTUSDT,0.0,-5.36,-3.37,0.04,33
321,C98USDT,INJUSDT,0.01,-3.82,-3.37,0.15,32
1444,XLMUSDT,ALICEUSDT,0.0,-4.54,-3.37,0.08,32
295,BITUSDT,ARUSDT,0.03,-3.52,-3.37,0.03,32
293,BICOUSDT,ADAUSDT,0.0,-5.59,-3.37,0.88,32
732,GLMRUSDT,ACHUSDT,0.02,-3.68,-3.37,35.7,32
988,LRCUSDT,SOLUSDT,0.03,-3.51,-3.37,0.02,32
242,API3USDT,IOTXUSDT,0.02,-3.7,-3.37,60.24,32
1442,XLMUSDT,ADAUSDT,0.04,-3.41,-3.37,0.27,32
7,1000BTTUSDT,ENSUSDT,0.0,-4.58,-3.37,0.0,32
340,CHRUSDT,AVAXUSDT,0.03,-3.49,-3.37,0.01,32
948,LRCUSDT,BSWUSDT,0.0,-4.16,-3.37,1.17,32
676,FLOWUSDT,BOBAUSDT,0.0,-5.03,-3.37,5.72,32
752,GLMRUSDT,BTCUSDT,0.0,-4.41,-3.37,0.0,32
635,ENJUSDT,MINAUSDT,0.01,-3.91,-3.37,0.55,32
1142,QTUMUSDT,API3USDT,0.01,-3.94,-3.37,1.47,32
553,DGBUSDT,ADAUSDT,0.01,-3.99,-3.37,0.02,32
1020,LUNA2USDT,BOBAUSDT,0.04,-3.41,-3.37,7.63,32
1026,MANAUSDT,ADAUSDT,0.01,-3.98,-3.37,1.21,32
1263,SLPUSDT,HBARUSDT,0.04,-3.45,-3.37,0.05,32
449,COMPUSDT,LINAUSDT,0.02,-3.76,-3.37,6662.46,32
1206,SKLUSDT,ADAUSDT,0.03,-3.5,-3.37,0.08,32
795,IOTXUSDT,ADAUSDT,0.03,-3.59,-3.37,0.07,32
404,CHRUSDT,XNOUSDT,0.0,-4.28,-3.37,0.19,31
700,FTMUSDT,MINAUSDT,0.04,-3.42,-3.37,0.33,31
1441,WAVESUSDT,XNOUSDT,0.01,-3.88,-3.37,3.77,31
93,ACHUSDT,CEEKUSDT,0.02,-3.72,-3.37,0.1,31
330,CHRUSDT,1000XECUSDT,0.04,-3.47,-3.37,3.74,31
947,LRCUSDT,BOBAUSDT,0.0,-5.4,-3.37,1.17,31
928,LOOKSUSDT,XLMUSDT,0.04,-3.43,-3.37,1.42,31
485,COMPUSDT,ZENUSDT,0.02,-3.71,-3.37,4.29,31
869,LOOKSUSDT,BTCUSDT,0.02,-3.61,-3.37,0.0,31
247,API3USDT,LPTUSDT,0.04,-3.44,-3.37,0.2,31
849,LINAUSDT,CELUSDT,0.03,-3.56,-3.37,0.01,31
1134,OPUSDT,TWTUSDT,0.01,-3.82,-3.37,0.41,31
1084,ONEUSDT,BAKEUSDT,0.02,-3.75,-3.37,0.08,31
576,DUSKUSDT,FLOWUSDT,0.0,-4.14,-3.37,0.07,31
388,CHRUSDT,RNDRUSDT,0.01,-4.08,-3.37,0.25,31
1205,SCUSDT,1000BTTUSDT,0.01,-3.8,-3.37,3.77,31
1268,SLPUSDT,IOTXUSDT,0.01,-3.81,-3.37,0.11,31
1203,SANDUSDT,MTLUSDT,0.01,-3.89,-3.37,0.8,31
1500,YGGUSDT,C98USDT,0.0,-4.47,-3.37,0.88,31
805,KLAYUSDT,KNCUSDT,0.01,-4.08,-3.37,0.29,31
219,API3USDT,BATUSDT,0.0,-4.49,-3.37,6.26,31
1295,THETAUSDT,BOBAUSDT,0.0,-4.94,-3.37,4.25,31
734,GLMRUSDT,AKROUSDT,0.03,-3.58,-3.37,125.97,31
1427,VETUSDT,CELUSDT,0.05,-3.37,-3.37,0.04,30
279,AVAXUSDT,ADAUSDT,0.04,-3.44,-3.37,38.51,30
1191,SANDUSDT,CTCUSDT,0.02,-3.7,-3.37,1.52,30
1179,SANDUSDT,ADAUSDT,0.03,-3.55,-3.37,1.74,30
272,ARUSDT,BOBAUSDT,0.01,-4.01,-3.37,46.65,30
1418,VETUSDT,ADAUSDT,0.02,-3.64,-3.37,0.06,30
1,1000BTTUSDT,ARPAUSDT,0.0,-5.07,-3.37,0.03,30
775,ICPUSDT,1000BTTUSDT,0.0,-4.25,-3.37,5667.12,30
951,LRCUSDT,CELUSDT,0.0,-4.42,-3.37,0.5,30
205,ALPHAUSDT,BLZUSDT,0.0,-4.12,-3.37,1.47,30
1395,UNFIUSDT,TLMUSDT,0.02,-3.64,-3.37,277.58,30
209,ALPHAUSDT,STMXUSDT,0.01,-3.86,-3.37,16.94,30
1541,ZILUSDT,ADAUSDT,0.01,-3.79,-3.37,0.07,30
280,AVAXUSDT,AKROUSDT,0.02,-3.59,-3.37,4584.21,30
64,AAVEUSDT,CEEKUSDT,0.02,-3.68,-3.37,583.95,30
281,AVAXUSDT,CELUSDT,0.03,-3.55,-3.37,26.3,30
110,ACHUSDT,RNDRUSDT,0.01,-4.02,-3.37,0.02,30
23,1000LUNCUSDT,BNBUSDT,0.0,-4.26,-3.37,0.0,30
424,COMPUSDT,BSWUSDT,0.02,-3.76,-3.37,190.74,30
1037,MTLUSDT,10000NFTUSDT,0.02,-3.6,-3.37,149.23,30
1086,ONEUSDT,BLZUSDT,0.0,-4.63,-3.37,0.24,30
36,1000LUNCUSDT,STXUSDT,0.01,-4.03,-3.37,0.71,30
360,CHRUSDT,DOTUSDT,0.0,-4.16,-3.37,0.02,30
319,BTCUSDT,SHIB1000USDT,0.03,-3.56,-3.37,1870877.96,30
1007,LUNA2USDT,ADAUSDT,0.01,-3.87,-3.37,4.84,30
1248,SLPUSDT,BOBAUSDT,0.0,-4.46,-3.37,0.01,29
1038,NEARUSDT,1INCHUSDT,0.04,-3.45,-3.37,3.05,29
1088,ONEUSDT,LITUSDT,0.03,-3.51,-3.37,0.02,29
229,API3USDT,CVCUSDT,0.0,-4.8,-3.37,14.66,29
1012,LUNA2USDT,AVAXUSDT,0.01,-3.8,-3.37,0.13,29
410,COMPUSDT,1000XECUSDT,0.01,-3.85,-3.37,1328.58,29
968,LRCUSDT,IOSTUSDT,0.02,-3.61,-3.37,28.63,29
658,ETHUSDT,BOBAUSDT,0.0,-5.26,-3.37,5685.27,29
1030,MANAUSDT,BALUSDT,0.04,-3.41,-3.37,0.07,29
827,KNCUSDT,BSWUSDT,0.03,-3.57,-3.37,2.86,29
815,KNCUSDT,ADAUSDT,0.04,-3.44,-3.37,1.81,29
438,COMPUSDT,GLMRUSDT,0.02,-3.75,-3.37,113.98,29
560,DODOUSDT,BELUSDT,0.04,-3.39,-3.37,0.28,29
1202,SANDUSDT,MINAUSDT,0.03,-3.49,-3.37,1.03,29
651,ETHUSDT,1000XECUSDT,0.04,-3.46,-3.37,39696.7,29
544,CTSIUSDT,TWTUSDT,0.02,-3.6,-3.37,0.05,29
1115,OPUSDT,FLMUSDT,0.01,-3.97,-3.37,11.11,29
615,ENJUSDT,ALICEUSDT,0.01,-3.88,-3.37,0.26,29
773,HBARUSDT,CEEKUSDT,0.0,-4.22,-3.37,0.48,29
131,AGLDUSDT,ADAUSDT,0.0,-4.19,-3.37,0.77,29
911,LOOKSUSDT,SCUSDT,0.01,-3.85,-3.37,50.03,29
907,LOOKSUSDT,RSRUSDT,0.01,-3.99,-3.37,32.43,29
936,LRCUSDT,1000XECUSDT,0.0,-4.44,-3.37,8.15,29
1432,WAVESUSDT,FTMUSDT,0.04,-3.42,-3.37,12.58,29
141,AGLDUSDT,BOBAUSDT,0.0,-4.2,-3.37,1.21,29
1046,NEOUSDT,BATUSDT,0.02,-3.66,-3.37,29.47,28
788,IOSTUSDT,ADAUSDT,0.04,-3.42,-3.37,0.03,28
1058,NEOUSDT,MTLUSDT,0.01,-3.77,-3.37,9.51,28
265,API3USDT,XRPUSDT,0.04,-3.44,-3.37,3.8,28
1538,ZILUSDT,1000BTTUSDT,0.01,-3.9,-3.37,32.75,28
1539,ZILUSDT,1000XECUSDT,0.02,-3.65,-3.37,0.75,28
1383,UNFIUSDT,ROSEUSDT,0.0,-5.43,-3.37,91.27,28
776,ICPUSDT,ADAUSDT,0.04,-3.39,-3.37,11.75,28
1021,LUNA2USDT,BSWUSDT,0.04,-3.4,-3.37,7.65,28
9,1000BTTUSDT,GTCUSDT,0.0,-4.21,-3.37,0.0,28
489,CTKUSDT,1000BTTUSDT,0.04,-3.45,-3.37,1138.22,28
1511,YGGUSDT,FXSUSDT,0.03,-3.55,-3.37,0.05,28
613,ENJUSDT,ADAUSDT,0.03,-3.58,-3.37,0.93,28
1298,UNFIUSDT,1000BTTUSDT,0.01,-4.07,-3.37,6232.02,28
1213,SKLUSDT,CELUSDT,0.04,-3.42,-3.37,0.05,28
728,GLMRUSDT,10000NFTUSDT,0.02,-3.73,-3.37,72.43,28
69,AAVEUSDT,EGLDUSDT,0.02,-3.62,-3.37,1.36,28
559,DODOUSDT,ANKRUSDT,0.01,-4.03,-3.37,5.37,28
1330,UNFIUSDT,CELUSDT,0.02,-3.65,-3.37,8.82,28
325,CELUSDT,ADAUSDT,0.0,-4.24,-3.37,1.46,28
1542,ZILUSDT,AKROUSDT,0.01,-4.07,-3.37,8.08,28
171,AGLDUSDT,SCUSDT,0.03,-3.48,-3.37,98.55,28
1242,SLPUSDT,BALUSDT,0.02,-3.71,-3.37,0.0,27
470,COMPUSDT,STXUSDT,0.0,-4.12,-3.37,171.24,27
1246,SLPUSDT,BNBUSDT,0.02,-3.63,-3.37,0.0,27
473,COMPUSDT,TLMUSDT,0.02,-3.65,-3.37,2591.02,27
1136,OPUSDT,XRPUSDT,0.01,-3.78,-3.37,2.33,27
566,DODOUSDT,KSMUSDT,0.0,-4.22,-3.37,0.0,27
919,LOOKSUSDT,TLMUSDT,0.0,-4.38,-3.37,8.4,27
277,AUDIOUSDT,ANKRUSDT,0.03,-3.5,-3.37,6.83,27
413,COMPUSDT,ADAUSDT,0.02,-3.74,-3.37,120.63,27
457,COMPUSDT,OCEANUSDT,0.03,-3.58,-3.37,310.54,27
987,LRCUSDT,SHIB1000USDT,0.01,-3.91,-3.37,26.75,27
463,COMPUSDT,RNDRUSDT,0.01,-3.98,-3.37,88.1,27
554,DGBUSDT,AGLDUSDT,0.02,-3.72,-3.37,0.03,27
365,CHRUSDT,GLMRUSDT,0.0,-4.72,-3.37,0.32,27
1072,OCEANUSDT,CELUSDT,0.04,-3.43,-3.37,0.27,27
629,ENJUSDT,HOTUSDT,0.03,-3.56,-3.37,195.14,27
741,GLMRUSDT,BAKEUSDT,0.04,-3.42,-3.37,1.88,27
733,GLMRUSDT,ADAUSDT,0.0,-4.76,-3.37,1.06,27
427,COMPUSDT,CELUSDT,0.01,-4.07,-3.37,82.37,27
915,LOOKSUSDT,STXUSDT,0.0,-4.85,-3.37,0.55,27
584,DUSKUSDT,RUNEUSDT,0.01,-3.88,-3.37,0.08,27
1155,REEFUSDT,INJUSDT,0.01,-3.77,-3.37,0.0,27
1060,NEOUSDT,STMXUSDT,0.02,-3.74,-3.37,1314.88,27
1045,NEOUSDT,BAKEUSDT,0.03,-3.56,-3.37,36.83,27
603,DYDXUSDT,HOTUSDT,0.04,-3.39,-3.37,1228.54,27
255,API3USDT,ROSEUSDT,0.05,-3.38,-3.37,31.13,27
56,1INCHUSDT,TWTUSDT,0.0,-4.17,-3.37,0.25,27
709,GALAUSDT,BALUSDT,0.01,-3.82,-3.37,0.0,27
1279,SNXUSDT,AKROUSDT,0.02,-3.63,-3.37,622.29,26
548,DENTUSDT,1000XECUSDT,0.04,-3.44,-3.37,0.02,26
37,1000LUNCUSDT,TLMUSDT,0.0,-4.37,-3.37,10.68,26
1172,RVNUSDT,AKROUSDT,0.0,-4.56,-3.37,7.77,26
1487,YFIUSDT,ADAUSDT,0.01,-3.88,-3.37,19476.84,26
1338,UNFIUSDT,DASHUSDT,0.0,-6.56,-3.37,0.11,26
517,CTKUSDT,NEARUSDT,0.03,-3.57,-3.37,0.47,26
14,1000BTTUSDT,TLMUSDT,0.05,-3.37,-3.37,0.04,26
441,COMPUSDT,HBARUSDT,0.0,-4.68,-3.37,816.12,26
998,LRCUSDT,USDCUSDT,0.01,-3.77,-3.37,0.23,26
1173,RVNUSDT,ALICEUSDT,0.04,-3.46,-3.37,0.02,26
233,API3USDT,DENTUSDT,0.03,-3.48,-3.37,2120.27,26
1291,THETAUSDT,ADAUSDT,0.02,-3.63,-3.37,2.69,26
1180,SANDUSDT,AKROUSDT,0.02,-3.59,-3.37,206.62,26
40,1000XECUSDT,BNBUSDT,0.0,-4.37,-3.37,0.0,26
698,FTMUSDT,LITUSDT,0.01,-3.77,-3.37,0.26,26
401,CHRUSDT,USDCUSDT,0.01,-3.83,-3.37,0.11,26
1065,OCEANUSDT,ADAUSDT,0.04,-3.41,-3.37,0.39,26
924,LOOKSUSDT,UNIUSDT,0.02,-3.75,-3.37,0.02,26
83,AAVEUSDT,TRBUSDT,0.04,-3.38,-3.37,5.24,26
1534,YGGUSDT,XEMUSDT,0.01,-4.08,-3.37,6.49,26
314,BTCUSDT,BOBAUSDT,0.0,-5.02,-3.37,81594.19,26
3,1000BTTUSDT,BSVUSDT,0.0,-5.74,-3.37,0.0,26
1204,SCUSDT,10000NFTUSDT,0.0,-4.42,-3.37,0.53,26
222,API3USDT,BICOUSDT,0.01,-3.78,-3.37,5.0,26
614,ENJUSDT,AKROUSDT,0.01,-4.04,-3.37,110.14,26
269,APTUSDT,1INCHUSDT,0.01,-3.89,-3.37,8.04,26
1481,XTZUSDT,USDCUSDT,0.02,-3.6,-3.37,0.95,26
664,FITFIUSDT,AAVEUSDT,0.0,-4.23,-3.37,0.0,26
274,ARUSDT,ILVUSDT,0.04,-3.41,-3.37,0.23,26
1370,UNFIUSDT,MINAUSDT,0.03,-3.57,-3.37,7.66,26
8,1000BTTUSDT,FLMUSDT,0.01,-3.91,-3.37,0.01,26
62,AAVEUSDT,BOBAUSDT,0.0,-4.23,-3.37,282.1,26
774,HBARUSDT,CELUSDT,0.03,-3.56,-3.37,0.1,26
284,AVAXUSDT,DOTUSDT,0.02,-3.61,-3.37,2.27,26
516,CTKUSDT,MKRUSDT,0.01,-4.07,-3.37,0.0,26
1334,UNFIUSDT,CTCUSDT,0.04,-3.41,-3.37,11.34,26
626,ENJUSDT,DOTUSDT,0.02,-3.72,-3.37,0.05,26
890,LOOKSUSDT,ILVUSDT,0.04,-3.42,-3.37,0.0,26
1095,OPUSDT,AKROUSDT,0.0,-4.13,-3.37,321.29,26
671,FLOWUSDT,BALUSDT,0.0,-4.54,-3.37,0.22,25
527,CTKUSDT,TWTUSDT,0.0,-4.17,-3.37,0.36,25
1163,RNDRUSDT,AAVEUSDT,0.01,-4.0,-3.37,0.01,25
938,LRCUSDT,ADAUSDT,0.02,-3.6,-3.37,0.74,25
361,CHRUSDT,EOSUSDT,0.04,-3.45,-3.37,0.12,25
29,1000LUNCUSDT,HNTUSDT,0.0,-5.16,-3.37,0.07,25
1049,NEOUSDT,CELRUSDT,0.04,-3.39,-3.37,588.47,25
1108,OPUSDT,CVXUSDT,0.02,-3.62,-3.37,0.23,25
656,ETHUSDT,BALUSDT,0.04,-3.45,-3.37,215.83,25
820,KNCUSDT,BALUSDT,0.02,-3.71,-3.37,0.11,25
1309,UNFIUSDT,APTUSDT,0.0,-4.28,-3.37,0.98,25
579,DUSKUSDT,GRTUSDT,0.03,-3.58,-3.37,1.53,25
959,LRCUSDT,ETHUSDT,0.04,-3.43,-3.37,0.0,25
483,COMPUSDT,XMRUSDT,0.01,-4.08,-3.37,0.29,25
918,LOOKSUSDT,THETAUSDT,0.03,-3.48,-3.37,0.15,25
1181,SANDUSDT,ANKRUSDT,0.04,-3.42,-3.37,25.95,25
792,IOSTUSDT,BOBAUSDT,0.0,-4.4,-3.37,0.04,25
258,API3USDT,STMXUSDT,0.03,-3.56,-3.37,279.41,25
490,CTKUSDT,1INCHUSDT,0.01,-4.08,-3.37,1.44,25
467,COMPUSDT,SHIB1000USDT,0.03,-3.48,-3.37,4362.8,25
906,LOOKSUSDT,RNDRUSDT,0.01,-3.82,-3.37,0.29,25
50,1000XECUSDT,STXUSDT,0.0,-4.32,-3.37,0.13,25
1478,XTZUSDT,SUSHIUSDT,0.02,-3.64,-3.37,0.83,25
458,COMPUSDT,OGNUSDT,0.04,-3.44,-3.37,392.18,25
250,API3USDT,MTLUSDT,0.0,-4.88,-3.37,2.02,25
454,COMPUSDT,MINAUSDT,0.0,-4.28,-3.37,71.49,25
116,ACHUSDT,STXUSDT,0.02,-3.65,-3.37,0.04,25
962,LRCUSDT,GALUSDT,0.02,-3.73,-3.37,0.18,25
578,DUSKUSDT,GLMRUSDT,0.02,-3.7,-3.37,0.26,25
129,AGLDUSDT,1000XECUSDT,0.03,-3.58,-3.37,8.48,25
312,BTCUSDT,1000XECUSDT,0.02,-3.68,-3.37,569743.92,25
137,AGLDUSDT,BALUSDT,0.04,-3.39,-3.37,0.05,25
1436,WAVESUSDT,MTLUSDT,0.01,-3.91,-3.37,3.17,25
853,LOOKSUSDT,1000XECUSDT,0.02,-3.71,-3.37,4.31,25
237,API3USDT,FLMUSDT,0.02,-3.68,-3.37,18.14,25
591,DYDXUSDT,ADAUSDT,0.04,-3.39,-3.37,5.83,25
308,BITUSDT,UNIUSDT,0.04,-3.45,-3.37,0.05,25
1238,SLPUSDT,ALICEUSDT,0.02,-3.76,-3.37,0.0,24
1036,MINAUSDT,1000LUNCUSDT,0.04,-3.4,-3.37,3.39,24
1152,REEFUSDT,DUSKUSDT,0.04,-3.41,-3.37,0.03,24
1226,SKLUSDT,LDOUSDT,0.04,-3.4,-3.37,0.02,24
631,ENJUSDT,IOSTUSDT,0.01,-3.8,-3.37,35.81,24
1126,OPUSDT,NEARUSDT,0.0,-4.2,-3.37,0.54,24
1131,OPUSDT,SANDUSDT,0.01,-3.89,-3.37,1.56,24
531,CTKUSDT,XRPUSDT,0.02,-3.7,-3.37,2.03,24
437,COMPUSDT,FXSUSDT,0.04,-3.41,-3.37,8.64,24
1491,YGGUSDT,ALGOUSDT,0.04,-3.41,-3.37,0.85,24
121,ADAUSDT,10000NFTUSDT,0.0,-7.75,-3.37,68.41,24
1287,SUSHIUSDT,1000XECUSDT,0.01,-4.09,-3.37,40.46,24
393,CHRUSDT,SOLUSDT,0.03,-3.5,-3.37,0.01,24
151,AGLDUSDT,FITFIUSDT,0.02,-3.75,-3.37,7.63,24
659,ETHUSDT,BSWUSDT,0.02,-3.67,-3.37,5699.12,24
1379,UNFIUSDT,QNTUSDT,0.03,-3.57,-3.37,0.04,24
352,CHRUSDT,CELUSDT,0.01,-3.96,-3.37,0.23,24
1341,UNFIUSDT,DYDXUSDT,0.0,-4.54,-3.37,2.22,24
1053,NEOUSDT,DODOUSDT,0.03,-3.56,-3.37,57.79,24
6,1000BTTUSDT,DOGEUSDT,0.02,-3.76,-3.37,0.01,24
975,LRCUSDT,LINAUSDT,0.01,-3.79,-3.37,40.85,24
315,BTCUSDT,ETHUSDT,0.02,-3.74,-3.37,14.35,24
1368,UNFIUSDT,MASKUSDT,0.0,-4.84,-3.37,1.61,24
223,API3USDT,BLZUSDT,0.0,-4.49,-3.37,24.23,24
1443,XLMUSDT,AKROUSDT,0.02,-3.7,-3.37,32.69,24
1066,OCEANUSDT,AKROUSDT,0.03,-3.56,-3.37,46.24,24
877,LOOKSUSDT,CTCUSDT,0.01,-4.0,-3.37,0.34,24
669,FLOWUSDT,ARUSDT,0.03,-3.49,-3.37,0.12,24
183,AGLDUSDT,YFIUSDT,0.01,-3.96,-3.37,0.0,24
77,AAVEUSDT,RSS3USDT,0.01,-4.04,-3.37,448.63,24
570,DODOUSDT,XRPUSDT,0.03,-3.52,-3.37,0.31,24
306,BITUSDT,SFPUSDT,0.0,-4.45,-3.37,0.56,23
1526,YGGUSDT,RNDRUSDT,0.0,-4.21,-3.37,0.49,23
1212,SKLUSDT,CELRUSDT,0.03,-3.48,-3.37,2.24,23
226,API3USDT,CELRUSDT,0.02,-3.65,-3.37,125.05,23
184,AGLDUSDT,ZENUSDT,0.01,-3.81,-3.37,0.03,23
882,LOOKSUSDT,ETHUSDT,0.03,-3.59,-3.37,0.0,23
95,ACHUSDT,CROUSDT,0.0,-4.47,-3.37,0.14,23
218,API3USDT,BAKEUSDT,0.01,-4.07,-3.37,7.83,23
15,1000BTTUSDT,TWTUSDT,0.02,-3.64,-3.37,0.0,23
1024,LUNA2USDT,CELUSDT,0.02,-3.71,-3.37,3.3,23
118,ACHUSDT,TWTUSDT,0.04,-3.43,-3.37,0.0,23
1509,YGGUSDT,EGLDUSDT,0.04,-3.47,-3.37,0.01,23
972,LRCUSDT,KLAYUSDT,0.04,-3.4,-3.37,1.42,23
1262,SLPUSDT,GTCUSDT,0.02,-3.76,-3.37,0.0,23
85,ACHUSDT,10000NFTUSDT,0.04,-3.44,-3.37,2.03,23
844,LDOUSDT,CELUSDT,0.02,-3.67,-3.37,2.41,23
1122,OPUSDT,LDOUSDT,0.03,-3.56,-3.37,0.76,23
253,API3USDT,PEOPLEUSDT,0.01,-3.9,-3.37,63.63,23
780,ICPUSDT,BAKEUSDT,0.01,-4.1,-3.37,20.86,23
778,ICPUSDT,ANKRUSDT,0.02,-3.67,-3.37,175.69,23
748,GLMRUSDT,BNBUSDT,0.02,-3.61,-3.37,0.0,23
1110,OPUSDT,DGBUSDT,0.03,-3.58,-3.37,126.0,23
1140,PEOPLEUSDT,1INCHUSDT,0.01,-3.89,-3.37,0.04,23
1094,OPUSDT,AGLDUSDT,0.03,-3.59,-3.37,3.51,23
1138,OPUSDT,ZENUSDT,0.0,-4.41,-3.37,0.1,23
480,COMPUSDT,VETUSDT,0.03,-3.5,-3.37,2095.43,23
486,COMPUSDT,ZRXUSDT,0.01,-3.84,-3.37,207.34,23
1013,LUNA2USDT,BALUSDT,0.02,-3.62,-3.37,0.29,23
260,API3USDT,TOMOUSDT,0.01,-4.0,-3.37,4.75,23
27,1000LUNCUSDT,CVXUSDT,0.02,-3.66,-3.37,0.04,23
1533,YGGUSDT,USDCUSDT,0.01,-3.94,-3.37,0.21,23
436,COMPUSDT,FITFIUSDT,0.04,-3.39,-3.37,1195.23,22
1124,OPUSDT,LUNA2USDT,0.01,-3.77,-3.37,0.56,22
702,FTMUSDT,TLMUSDT,0.01,-3.84,-3.37,11.81,22
465,COMPUSDT,RSS3USDT,0.0,-4.33,-3.37,302.49,22
859,LOOKSUSDT,ARUSDT,0.04,-3.46,-3.37,0.01,22
1154,REEFUSDT,GRTUSDT,0.04,-3.42,-3.37,0.05,22
1352,UNFIUSDT,GTCUSDT,0.0,-5.68,-3.37,2.6,22
488,CROUSDT,AAVEUSDT,0.01,-3.82,-3.37,0.0,22
1404,UNFIUSDT,XLMUSDT,0.02,-3.67,-3.37,47.06,22
504,CTKUSDT,ETCUSDT,0.04,-3.43,-3.37,0.04,22
1360,UNFIUSDT,IOTXUSDT,0.01,-3.77,-3.37,176.62,22
661,FITFIUSDT,10000NFTUSDT,0.01,-4.0,-3.37,6.9,22
627,ENJUSDT,EOSUSDT,0.04,-3.38,-3.37,0.33,22
76,AAVEUSDT,REQUSDT,0.03,-3.54,-3.37,656.23,22
1018,LUNA2USDT,BICOUSDT,0.02,-3.67,-3.37,5.48,22
291,BAKEUSDT,ANKRUSDT,0.03,-3.48,-3.37,8.42,22
789,IOSTUSDT,AKROUSDT,0.02,-3.7,-3.37,3.08,22
884,LOOKSUSDT,GALUSDT,0.01,-3.98,-3.37,0.09,22
653,ETHUSDT,AKROUSDT,0.04,-3.41,-3.37,429033.93,22
568,DODOUSDT,ROSEUSDT,0.03,-3.58,-3.37,2.53,22
17,1000LUNCUSDT,1000BTTUSDT,0.03,-3.47,-3.37,239.79,22
1513,YGGUSDT,GMXUSDT,0.03,-3.5,-3.37,0.01,22
21,1000LUNCUSDT,BALUSDT,0.05,-3.37,-3.37,0.03,22
770,HBARUSDT,BOBAUSDT,0.0,-4.29,-3.37,0.23,22
589,DUSKUSDT,UNIUSDT,0.02,-3.71,-3.37,0.02,22
28,1000LUNCUSDT,EOSUSDT,0.02,-3.76,-3.37,0.18,22
92,ACHUSDT,BOBAUSDT,0.01,-4.05,-3.37,0.05,22
642,ENJUSDT,THETAUSDT,0.03,-3.55,-3.37,0.34,22
478,COMPUSDT,UNIUSDT,0.01,-3.99,-3.37,7.11,22
641,ENJUSDT,SUSHIUSDT,0.0,-4.3,-3.37,0.25,22
290,AVAXUSDT,XLMUSDT,0.03,-3.49,-3.37,140.24,22
318,BTCUSDT,SFPUSDT,0.01,-3.94,-3.37,32202.68,22
1346,UNFIUSDT,FILUSDT,0.0,-4.3,-3.37,0.96,22
1335,UNFIUSDT,CTSIUSDT,0.01,-3.96,-3.37,40.6,22
1228,SKLUSDT,LITUSDT,0.03,-3.52,-3.37,0.04,22
231,API3USDT,DARUSDT,0.01,-3.93,-3.37,10.88,22
206,ALPHAUSDT,BNXUSDT,0.05,-3.38,-3.37,0.0,22
99,ACHUSDT,FITFIUSDT,0.04,-3.44,-3.37,0.29,22
1292,THETAUSDT,AKROUSDT,0.02,-3.76,-3.37,320.59,22
1250,SLPUSDT,CELRUSDT,0.04,-3.45,-3.37,0.22,21
86,ACHUSDT,ADAUSDT,0.02,-3.67,-3.37,0.03,21
1063,NEOUSDT,ZRXUSDT,0.03,-3.48,-3.37,35.66,21
1410,UNFIUSDT,ZENUSDT,0.0,-5.35,-3.37,0.46,21
264,API3USDT,XLMUSDT,0.04,-3.39,-3.37,16.05,21
53,1INCHUSDT,DASHUSDT,0.0,-4.62,-3.37,0.01,21
155,AGLDUSDT,ICXUSDT,0.01,-3.9,-3.37,1.53,21
624,ENJUSDT,CVXUSDT,0.02,-3.68,-3.37,0.08,21
756,GLMRUSDT,CELUSDT,0.02,-3.7,-3.37,0.72,21
1450,XTZUSDT,BALUSDT,0.02,-3.7,-3.37,0.18,21
1314,UNFIUSDT,AXSUSDT,0.03,-3.59,-3.37,0.63,21
1446,XTZUSDT,1000XECUSDT,0.01,-4.05,-3.37,33.66,21
348,CHRUSDT,BOBAUSDT,0.0,-4.47,-3.37,0.54,21
1490,YGGUSDT,AAVEUSDT,0.02,-3.62,-3.37,0.0,21
1399,UNFIUSDT,TWTUSDT,0.0,-5.74,-3.37,1.95,21
1177,RVNUSDT,ARPAUSDT,0.03,-3.5,-3.37,0.79,21
652,ETHUSDT,ADAUSDT,0.03,-3.5,-3.37,3604.24,21
1445,XRPUSDT,1INCHUSDT,0.03,-3.55,-3.37,0.71,21
150,AGLDUSDT,DOTUSDT,0.02,-3.68,-3.37,0.05,21
556,DGBUSDT,ANKRUSDT,0.0,-4.51,-3.37,0.32,21
212,API3USDT,ANKRUSDT,0.0,-4.49,-3.37,65.91,21
172,AGLDUSDT,SOLUSDT,0.03,-3.58,-3.37,0.02,21
1470,XTZUSDT,QNTUSDT,0.03,-3.58,-3.37,0.01,21
1118,OPUSDT,GTCUSDT,0.02,-3.73,-3.37,0.54,21
122,ADAUSDT,1000BTTUSDT,0.0,-8.85,-3.37,482.11,21
1003,LRCUSDT,ZRXUSDT,0.03,-3.53,-3.37,1.27,21
443,COMPUSDT,ICPUSDT,0.02,-3.7,-3.37,10.27,21
1114,OPUSDT,FILUSDT,0.0,-4.19,-3.37,0.2,21
757,GMTUSDT,10000NFTUSDT,0.0,-4.97,-3.37,81.33,21
440,COMPUSDT,GMXUSDT,0.03,-3.52,-3.37,0.92,21
1002,LRCUSDT,ZENUSDT,0.04,-3.46,-3.37,0.03,21
133,AGLDUSDT,ANKRUSDT,0.03,-3.52,-3.37,11.51,21
75,AAVEUSDT,RENUSDT,0.02,-3.69,-3.37,756.33,21
885,LOOKSUSDT,GLMRUSDT,0.02,-3.71,-3.37,0.37,21
252,API3USDT,PAXGUSDT,0.02,-3.74,-3.37,0.0,20
1005,LUNA2USDT,1000XECUSDT,0.0,-4.14,-3.37,53.26,20
609,DYDXUSDT,SCUSDT,0.03,-3.48,-3.37,745.64,20
1233,SKLUSDT,ONTUSDT,0.03,-3.57,-3.37,0.14,20
597,DYDXUSDT,DODOUSDT,0.05,-3.37,-3.37,16.23,20
855,LOOKSUSDT,ACHUSDT,0.03,-3.59,-3.37,13.19,20
12,1000BTTUSDT,MATICUSDT,0.04,-3.41,-3.37,0.0,20
1064,OCEANUSDT,1000XECUSDT,0.0,-4.11,-3.37,4.28,20
1415,USDCUSDT,1000XECUSDT,0.0,-13.21,-3.37,35.5,20
1344,UNFIUSDT,EOSUSDT,0.03,-3.59,-3.37,4.67,20
1469,XTZUSDT,PAXGUSDT,0.04,-3.39,-3.37,0.0,20
1285,SOLUSDT,ADAUSDT,0.03,-3.56,-3.37,38.01,20
1286,SUSHIUSDT,1000BTTUSDT,0.0,-4.13,-3.37,1771.97,20
1495,YGGUSDT,BANDUSDT,0.01,-4.03,-3.37,0.12,20
1343,UNFIUSDT,ENSUSDT,0.03,-3.55,-3.37,0.33,20
645,ENJUSDT,XLMUSDT,0.0,-4.75,-3.37,3.37,20
1340,UNFIUSDT,DOGEUSDT,0.02,-3.64,-3.37,52.91,20
555,DGBUSDT,AKROUSDT,0.01,-3.99,-3.37,2.55,20
385,CHRUSDT,PAXGUSDT,0.02,-3.73,-3.37,0.0,20
383,CHRUSDT,OCEANUSDT,0.02,-3.61,-3.37,0.87,20
1302,UNFIUSDT,ADAUSDT,0.0,-4.73,-3.37,12.92,20
1303,UNFIUSDT,AKROUSDT,0.03,-3.56,-3.37,1538.7,20
375,CHRUSDT,LDOUSDT,0.04,-3.39,-3.37,0.1,20
1447,XTZUSDT,ADAUSDT,0.01,-3.89,-3.37,3.06,20
1274,SLPUSDT,MASKUSDT,0.04,-3.4,-3.37,0.0,20
1347,UNFIUSDT,FLMUSDT,0.02,-3.69,-3.37,53.18,20
841,LDOUSDT,APTUSDT,0.04,-3.41,-3.37,0.27,20
903,LOOKSUSDT,PAXGUSDT,0.02,-3.66,-3.37,0.0,20
1417,USDCUSDT,AAVEUSDT,0.0,-13.74,-3.37,0.02,20
268,API3USDT,ZILUSDT,0.01,-3.84,-3.37,64.91,20
1373,UNFIUSDT,NEARUSDT,0.0,-4.15,-3.37,2.59,20
1419,VETUSDT,AKROUSDT,0.03,-3.5,-3.37,6.85,20
949,LRCUSDT,C98USDT,0.01,-3.85,-3.37,0.98,20
586,DUSKUSDT,SFPUSDT,0.01,-4.1,-3.37,0.17,20
1197,SANDUSDT,JSTUSDT,0.03,-3.54,-3.37,25.87,20
289,AVAXUSDT,STXUSDT,0.02,-3.7,-3.37,54.67,20
839,LDOUSDT,AKROUSDT,0.02,-3.7,-3.37,420.91,20
1323,UNFIUSDT,BNBUSDT,0.02,-3.63,-3.37,0.02,20
832,KNCUSDT,CROUSDT,0.04,-3.38,-3.37,8.75,20
46,1000XECUSDT,MINAUSDT,0.04,-3.46,-3.37,0.05,20
1348,UNFIUSDT,FTMUSDT,0.02,-3.64,-3.37,23.5,20
1471,XTZUSDT,REQUSDT,0.02,-3.67,-3.37,11.22,20
565,DODOUSDT,KAVAUSDT,0.01,-4.02,-3.37,0.13,19
530,CTKUSDT,XMRUSDT,0.04,-3.38,-3.37,0.01,19
67,AAVEUSDT,CREAMUSDT,0.03,-3.57,-3.37,4.71,19
105,ACHUSDT,LTCUSDT,0.03,-3.47,-3.37,0.0,19
926,LOOKSUSDT,WOOUSDT,0.04,-3.39,-3.37,1.12,19
868,LOOKSUSDT,BSWUSDT,0.02,-3.6,-3.37,0.62,19
346,CHRUSDT,BNBUSDT,0.01,-3.97,-3.37,0.0,19
1090,OPUSDT,1000BTTUSDT,0.03,-3.52,-3.37,1301.93,19
1440,WAVESUSDT,XMRUSDT,0.02,-3.65,-3.37,0.02,19
22,1000LUNCUSDT,BELUSDT,0.02,-3.61,-3.37,0.39,19
327,CELUSDT,ARUSDT,0.04,-3.38,-3.37,0.05,19
176,AGLDUSDT,TOMOUSDT,0.02,-3.7,-3.37,0.83,19
185,AGLDUSDT,ZRXUSDT,0.01,-3.86,-3.37,1.32,19
845,LINAUSDT,BALUSDT,0.02,-3.69,-3.37,0.0,19
1532,YGGUSDT,UNIUSDT,0.02,-3.61,-3.37,0.04,19
200,ALGOUSDT,SFPUSDT,0.0,-4.46,-3.37,0.49,19
251,API3USDT,ONTUSDT,0.0,-4.4,-3.37,8.09,19
729,GLMRUSDT,1000XECUSDT,0.0,-4.57,-3.37,11.66,19
202,ALGOUSDT,SWEATUSDT,0.04,-3.38,-3.37,17.98,19
1059,NEOUSDT,PEOPLEUSDT,0.04,-3.43,-3.37,299.41,19
235,API3USDT,ETHWUSDT,0.03,-3.5,-3.37,0.42,19
230,API3USDT,CVXUSDT,0.01,-4.08,-3.37,0.37,19
595,DYDXUSDT,CVXUSDT,0.02,-3.7,-3.37,0.49,19
744,GLMRUSDT,BATUSDT,0.04,-3.41,-3.37,1.5,19
1035,MANAUSDT,CELUSDT,0.02,-3.62,-3.37,0.82,19
499,CTKUSDT,CELOUSDT,0.0,-4.45,-3.37,1.6,19
446,COMPUSDT,IOSTUSDT,0.01,-4.1,-3.37,4669.32,19
107,ACHUSDT,ONTUSDT,0.04,-3.42,-3.37,0.05,19
132,AGLDUSDT,AKROUSDT,0.02,-3.6,-3.37,91.66,19
386,CHRUSDT,QNTUSDT,0.02,-3.66,-3.37,0.0,19
883,LOOKSUSDT,ETHWUSDT,0.01,-3.97,-3.37,0.04,19
1480,XTZUSDT,TWTUSDT,0.02,-3.64,-3.37,0.46,19
418,COMPUSDT,BALUSDT,0.02,-3.69,-3.37,7.22,19
108,ACHUSDT,PAXGUSDT,0.04,-3.4,-3.37,0.0,19
1277,SLPUSDT,MTLUSDT,0.01,-3.97,-3.37,0.0,19
784,ILVUSDT,AAVEUSDT,0.02,-3.63,-3.37,0.71,19
1524,YGGUSDT,PAXGUSDT,0.01,-3.81,-3.37,0.0,19
881,LOOKSUSDT,EGLDUSDT,0.02,-3.65,-3.37,0.0,19
143,AGLDUSDT,CELRUSDT,0.01,-3.91,-3.37,21.84,19
1112,OPUSDT,ETCUSDT,0.04,-3.43,-3.37,0.05,19
5,1000BTTUSDT,CVXUSDT,0.0,-5.07,-3.37,0.0,18
34,1000LUNCUSDT,SFPUSDT,0.04,-3.38,-3.37,0.31,18
51,1000XECUSDT,WOOUSDT,0.0,-4.41,-3.37,0.26,18
44,1000XECUSDT,JASMYUSDT,0.0,-4.21,-3.37,7.55,18
16,1000BTTUSDT,ZECUSDT,0.01,-3.85,-3.37,0.0,18
19,1000LUNCUSDT,ALICEUSDT,0.01,-3.78,-3.37,0.14,18
1530,YGGUSDT,TRXUSDT,0.01,-3.94,-3.37,4.11,18
1089,ONEUSDT,MTLUSDT,0.02,-3.67,-3.37,0.02,18
1071,OCEANUSDT,C98USDT,0.02,-3.72,-3.37,0.51,18
215,API3USDT,APTUSDT,0.02,-3.67,-3.37,0.33,18
1300,UNFIUSDT,1INCHUSDT,0.0,-5.19,-3.37,7.89,18
1004,LUNA2USDT,10000NFTUSDT,0.02,-3.6,-3.37,330.96,18
479,COMPUSDT,USDCUSDT,0.01,-3.95,-3.37,37.41,18
1243,SLPUSDT,BATUSDT,0.04,-3.4,-3.37,0.01,18
464,COMPUSDT,RSRUSDT,0.04,-3.42,-3.37,10006.64,18
462,COMPUSDT,REQUSDT,0.01,-3.97,-3.37,442.73,18
798,KLAYUSDT,AAVEUSDT,0.04,-3.43,-3.37,0.0,18
1474,XTZUSDT,SFPUSDT,0.0,-4.46,-3.37,1.9,18
425,COMPUSDT,BTCUSDT,0.04,-3.39,-3.37,0.0,18
1280,SNXUSDT,ARPAUSDT,0.04,-3.43,-3.37,63.36,18
379,CHRUSDT,MANAUSDT,0.0,-4.26,-3.37,0.28,18
1313,UNFIUSDT,AVAXUSDT,0.03,-3.56,-3.37,0.34,18
997,LRCUSDT,UNIUSDT,0.0,-4.71,-3.37,0.04,18
1319,UNFIUSDT,BCHUSDT,0.0,-5.58,-3.37,0.04,18
1321,UNFIUSDT,BICOUSDT,0.02,-3.65,-3.37,14.65,18
1325,UNFIUSDT,BSVUSDT,0.04,-3.44,-3.37,0.11,18
980,LRCUSDT,REEFUSDT,0.02,-3.62,-3.37,81.0,18
174,AGLDUSDT,SUNUSDT,0.04,-3.47,-3.37,48.8,18
310,BOBAUSDT,10000NFTUSDT,0.02,-3.66,-3.37,43.38,18
834,KNCUSDT,CTCUSDT,0.02,-3.72,-3.37,1.59,18
1435,WAVESUSDT,MASKUSDT,0.04,-3.47,-3.37,0.86,18
965,LRCUSDT,HBARUSDT,0.01,-3.9,-3.37,5.0,18
263,API3USDT,USDCUSDT,0.03,-3.48,-3.37,1.37,18
1414,USDCUSDT,1000LUNCUSDT,0.0,-13.2,-3.37,6.48,18
1412,USDCUSDT,10000NFTUSDT,0.0,-13.22,-3.37,220.67,18
1389,UNFIUSDT,SNXUSDT,0.01,-4.07,-3.37,2.47,18
1408,UNFIUSDT,YFIUSDT,0.0,-4.46,-3.37,0.0,18
1237,SLPUSDT,AKROUSDT,0.0,-5.4,-3.37,0.92,18
363,CHRUSDT,FXSUSDT,0.03,-3.52,-3.37,0.02,18
549,DENTUSDT,AKROUSDT,0.01,-3.89,-3.37,0.25,18
1223,SKLUSDT,JSTUSDT,0.02,-3.72,-3.37,1.18,18
1169,RVNUSDT,1000XECUSDT,0.01,-3.92,-3.37,0.72,18
74,AAVEUSDT,OGNUSDT,0.03,-3.57,-3.37,581.5,18
772,HBARUSDT,C98USDT,0.02,-3.71,-3.37,0.2,18
771,HBARUSDT,BSWUSDT,0.03,-3.49,-3.37,0.23,18
925,LOOKSUSDT,USDCUSDT,0.02,-3.72,-3.37,0.12,18
70,AAVEUSDT,GMXUSDT,0.04,-3.45,-3.37,1.36,17
240,API3USDT,ICXUSDT,0.03,-3.5,-3.37,8.79,17
1099,OPUSDT,ARPAUSDT,0.01,-3.92,-3.37,32.72,17
1232,SKLUSDT,ONEUSDT,0.04,-3.43,-3.37,1.84,17
878,LOOKSUSDT,CVXUSDT,0.03,-3.56,-3.37,0.03,17
370,CHRUSDT,IMXUSDT,0.01,-3.87,-3.37,0.26,17
662,FITFIUSDT,1000XECUSDT,0.03,-3.55,-3.37,1.11,17
345,CHRUSDT,BICOUSDT,0.01,-3.9,-3.37,0.38,17
992,LRCUSDT,SUSHIUSDT,0.03,-3.54,-3.37,0.2,17
1062,NEOUSDT,ZENUSDT,0.03,-3.5,-3.37,0.74,17
1107,OPUSDT,CTKUSDT,0.01,-3.88,-3.37,1.14,17
1207,SKLUSDT,APEUSDT,0.0,-4.28,-3.37,0.01,17
382,CHRUSDT,MKRUSDT,0.01,-3.9,-3.37,0.0,17
934,LPTUSDT,1INCHUSDT,0.03,-3.5,-3.37,13.73,17
351,CHRUSDT,CELRUSDT,0.03,-3.53,-3.37,9.63,17
341,CHRUSDT,BALUSDT,0.02,-3.75,-3.37,0.02,17
742,GLMRUSDT,BALUSDT,0.01,-3.91,-3.37,0.06,17
1078,OMGUSDT,HOTUSDT,0.02,-3.61,-3.37,736.26,17
704,FTMUSDT,ZRXUSDT,0.04,-3.44,-3.37,0.95,17
182,AGLDUSDT,XNOUSDT,0.01,-3.89,-3.37,0.42,17
300,BITUSDT,EGLDUSDT,0.02,-3.62,-3.37,0.01,17
63,AAVEUSDT,BSWUSDT,0.04,-3.46,-3.37,282.8,17
1506,YGGUSDT,CTCUSDT,0.0,-4.3,-3.37,0.59,17
564,DODOUSDT,IMXUSDT,0.01,-4.03,-3.37,0.28,17
900,LOOKSUSDT,LTCUSDT,0.01,-3.98,-3.37,0.0,17
1337,UNFIUSDT,CVXUSDT,0.0,-5.5,-3.37,1.1,17
311,BOBAUSDT,1000BTTUSDT,0.02,-3.68,-3.37,305.72,17
1537,YGGUSDT,ZRXUSDT,0.02,-3.73,-3.37,1.15,17
1438,WAVESUSDT,TOMOUSDT,0.04,-3.4,-3.37,7.45,17
1535,YGGUSDT,XMRUSDT,0.04,-3.41,-3.37,0.0,17
165,AGLDUSDT,MTLUSDT,0.0,-4.29,-3.37,0.35,17
1497,YGGUSDT,BELUSDT,0.01,-3.79,-3.37,0.53,17
38,1000LUNCUSDT,TWTUSDT,0.04,-3.39,-3.37,0.07,17
1195,SANDUSDT,GTCUSDT,0.01,-3.78,-3.37,0.35,17
1113,OPUSDT,ETHWUSDT,0.0,-4.61,-3.37,0.26,17
1129,OPUSDT,ROSEUSDT,0.01,-4.02,-3.37,19.07,17
862,LOOKSUSDT,BALUSDT,0.02,-3.72,-3.37,0.02,17
119,ACHUSDT,USDCUSDT,0.03,-3.5,-3.37,0.01,17
1051,NEOUSDT,CVXUSDT,0.01,-4.03,-3.37,1.76,17
888,LOOKSUSDT,HOTUSDT,0.01,-3.82,-3.37,82.44,17
1127,OPUSDT,NEOUSDT,0.0,-4.43,-3.37,0.13,17
929,LOOKSUSDT,XMRUSDT,0.02,-3.76,-3.37,0.0,17
1522,YGGUSDT,OGNUSDT,0.04,-3.4,-3.37,2.18,17
128,AGLDUSDT,1000BTTUSDT,0.04,-3.44,-3.37,371.39,17
917,LOOKSUSDT,SXPUSDT,0.01,-3.93,-3.37,0.55,17
472,COMPUSDT,THETAUSDT,0.03,-3.5,-3.37,44.79,17
1137,OPUSDT,ZECUSDT,0.02,-3.63,-3.37,0.02,17
892,LOOKSUSDT,IOTAUSDT,0.03,-3.59,-3.37,0.57,17
755,GLMRUSDT,CELRUSDT,0.0,-4.11,-3.37,30.02,17
1483,XTZUSDT,XMRUSDT,0.02,-3.64,-3.37,0.01,17
126,ADAUSDT,AAVEUSDT,0.0,-7.88,-3.37,0.01,17
851,LITUSDT,APEUSDT,0.01,-3.87,-3.37,0.21,17
1463,XTZUSDT,HOTUSDT,0.03,-3.54,-3.37,644.65,17
1486,XTZUSDT,ZRXUSDT,0.03,-3.51,-3.37,5.25,17
423,COMPUSDT,BOBAUSDT,0.0,-4.56,-3.37,190.27,17
779,ICPUSDT,APEUSDT,0.02,-3.71,-3.37,1.19,17
399,CHRUSDT,TWTUSDT,0.01,-3.92,-3.37,0.05,17
1103,OPUSDT,BNXUSDT,0.04,-3.39,-3.37,0.01,16
1479,XTZUSDT,TRXUSDT,0.02,-3.64,-3.37,18.73,16
786,INJUSDT,AAVEUSDT,0.03,-3.59,-3.37,0.03,16
1498,YGGUSDT,BNXUSDT,0.01,-3.89,-3.37,0.0,16
177,AGLDUSDT,TRXUSDT,0.0,-4.21,-3.37,4.72,16
958,LRCUSDT,EGLDUSDT,0.04,-3.43,-3.37,0.01,16
1382,UNFIUSDT,REQUSDT,0.0,-5.25,-3.37,47.41,16
1361,UNFIUSDT,JSTUSDT,0.0,-5.56,-3.37,192.54,16
10,1000BTTUSDT,HOTUSDT,0.01,-3.85,-3.37,0.44,16
810,KLAYUSDT,SFPUSDT,0.0,-4.11,-3.37,0.33,16
1367,UNFIUSDT,LPTUSDT,0.02,-3.71,-3.37,0.57,16
189,ALGOUSDT,BANDUSDT,0.04,-3.38,-3.37,0.15,16
276,AUDIOUSDT,AKROUSDT,0.04,-3.39,-3.37,54.38,16
1374,UNFIUSDT,NEOUSDT,0.02,-3.69,-3.37,0.62,16
266,API3USDT,YFIUSDT,0.04,-3.46,-3.37,0.0,16
766,HBARUSDT,AKROUSDT,0.04,-3.47,-3.37,17.59,16
261,API3USDT,TRXUSDT,0.03,-3.48,-3.37,27.02,16
259,API3USDT,STORJUSDT,0.02,-3.66,-3.37,4.19,16
582,DUSKUSDT,REQUSDT,0.04,-3.43,-3.37,0.99,16
1301,UNFIUSDT,AAVEUSDT,0.01,-3.77,-3.37,0.07,16
405,CHRUSDT,YFIUSDT,0.03,-3.5,-3.37,0.0,16
47,1000XECUSDT,QNTUSDT,0.04,-3.42,-3.37,0.0,16
1217,SKLUSDT,DARUSDT,0.04,-3.45,-3.37,0.2,16
1409,UNFIUSDT,ZECUSDT,0.0,-4.85,-3.37,0.11,16
1188,SANDUSDT,BNXUSDT,0.02,-3.75,-3.37,0.0,16
1407,UNFIUSDT,XRPUSDT,0.0,-4.21,-3.37,11.13,16
986,LRCUSDT,SFPUSDT,0.0,-4.69,-3.37,0.46,16
1527,YGGUSDT,RSS3USDT,0.01,-3.99,-3.37,1.68,16
43,1000XECUSDT,HOTUSDT,0.04,-3.46,-3.37,19.15,16
1485,XTZUSDT,YFIUSDT,0.04,-3.42,-3.37,0.0,16
378,CHRUSDT,LUNA2USDT,0.02,-3.63,-3.37,0.07,16
1339,UNFIUSDT,DODOUSDT,0.01,-4.1,-3.37,36.01,16
738,GLMRUSDT,ARUSDT,0.04,-3.39,-3.37,0.04,16
392,CHRUSDT,SFPUSDT,0.01,-4.04,-3.37,0.21,16
807,KLAYUSDT,REQUSDT,0.03,-3.5,-3.37,1.92,16
1130,OPUSDT,RSS3USDT,0.04,-3.41,-3.37,6.77,16
459,COMPUSDT,PAXGUSDT,0.01,-4.0,-3.37,0.02,16
328,CHRUSDT,10000NFTUSDT,0.02,-3.59,-3.37,23.23,16
796,IOTXUSDT,AKROUSDT,0.02,-3.71,-3.37,8.71,16
510,CTKUSDT,JSTUSDT,0.02,-3.69,-3.37,35.17,16
324,CELUSDT,1000LUNCUSDT,0.03,-3.54,-3.37,2.94,16
335,CHRUSDT,AKROUSDT,0.03,-3.57,-3.37,40.4,16
856,LOOKSUSDT,ADAUSDT,0.01,-3.97,-3.37,0.39,15
790,IOSTUSDT,BALUSDT,0.04,-3.4,-3.37,0.0,15
966,LRCUSDT,HOTUSDT,0.03,-3.56,-3.37,155.97,15
735,GLMRUSDT,ANKRUSDT,0.01,-3.8,-3.37,15.82,15
875,LOOKSUSDT,CREAMUSDT,0.01,-4.1,-3.37,0.01,15
984,LRCUSDT,RUNEUSDT,0.02,-3.63,-3.37,0.21,15
990,LRCUSDT,STORJUSDT,0.02,-3.7,-3.37,0.7,15
933,LOOKSUSDT,ZRXUSDT,0.01,-3.82,-3.37,0.67,15
803,KLAYUSDT,JSTUSDT,0.04,-3.45,-3.37,7.78,15
931,LOOKSUSDT,YFIUSDT,0.04,-3.4,-3.37,0.0,15
887,LOOKSUSDT,HNTUSDT,0.0,-4.21,-3.37,0.05,15
1006,LUNA2USDT,1INCHUSDT,0.02,-3.66,-3.37,2.95,15
753,GLMRUSDT,C98USDT,0.03,-3.57,-3.37,1.4,15
898,LOOKSUSDT,LINAUSDT,0.03,-3.53,-3.37,21.59,15
456,COMPUSDT,MTLUSDT,0.01,-3.88,-3.37,55.32,15
502,CTKUSDT,CVXUSDT,0.01,-3.85,-3.37,0.2,15
154,AGLDUSDT,HOTUSDT,0.03,-3.51,-3.37,162.4,15
598,DYDXUSDT,ETHWUSDT,0.03,-3.49,-3.37,0.55,15
178,AGLDUSDT,TWTUSDT,0.01,-3.83,-3.37,0.12,15
455,COMPUSDT,MKRUSDT,0.02,-3.61,-3.37,0.06,15
1161,RNDRUSDT,10000NFTUSDT,0.04,-3.42,-3.37,93.69,15
1320,UNFIUSDT,BELUSDT,0.0,-5.84,-3.37,10.2,15
372,CHRUSDT,JSTUSDT,0.01,-3.89,-3.37,5.06,15
1488,YGGUSDT,10000NFTUSDT,0.01,-3.77,-3.37,45.88,15
384,CHRUSDT,ONTUSDT,0.02,-3.69,-3.37,0.62,15
545,CTSIUSDT,ZENUSDT,0.01,-3.97,-3.37,0.01,15
542,CTSIUSDT,LTCUSDT,0.01,-3.86,-3.37,0.0,15
538,CTSIUSDT,CVXUSDT,0.01,-3.9,-3.37,0.03,15
102,ACHUSDT,JSTUSDT,0.03,-3.56,-3.37,0.44,15
106,ACHUSDT,MASKUSDT,0.03,-3.57,-3.37,0.0,15
515,CTKUSDT,MATICUSDT,0.01,-4.1,-3.37,0.9,15
600,DYDXUSDT,GMTUSDT,0.03,-3.49,-3.37,4.85,15
512,CTKUSDT,KSMUSDT,0.02,-3.73,-3.37,0.03,15
429,COMPUSDT,CREAMUSDT,0.02,-3.71,-3.37,3.18,15
1216,SKLUSDT,CVXUSDT,0.01,-3.82,-3.37,0.01,15
1220,SKLUSDT,GMTUSDT,0.04,-3.4,-3.37,0.07,15
115,ACHUSDT,STORJUSDT,0.03,-3.48,-3.37,0.03,15
505,CTKUSDT,ETHWUSDT,0.04,-3.41,-3.37,0.22,15
147,AGLDUSDT,CVXUSDT,0.01,-3.97,-3.37,0.07,15
1225,SKLUSDT,KSMUSDT,0.03,-3.48,-3.37,0.0,15
500,CTKUSDT,CELRUSDT,0.01,-3.96,-3.37,66.94,15
117,ACHUSDT,TRXUSDT,0.03,-3.49,-3.37,0.18,15
1464,XTZUSDT,IOSTUSDT,0.03,-3.49,-3.37,118.32,15
135,AGLDUSDT,APEUSDT,0.0,-4.54,-3.37,0.08,15
452,COMPUSDT,MASKUSDT,0.03,-3.57,-3.37,15.03,15
1055,NEOUSDT,IMXUSDT,0.01,-3.93,-3.37,15.97,15
82,AAVEUSDT,SWEATUSDT,0.03,-3.48,-3.37,4086.75,15
355,CHRUSDT,CREAMUSDT,0.05,-3.37,-3.37,0.01,15
648,ETCUSDT,APEUSDT,0.04,-3.42,-3.37,5.86,15
1061,NEOUSDT,TWTUSDT,0.03,-3.5,-3.37,3.13,15
703,FTMUSDT,TWTUSDT,0.02,-3.63,-3.37,0.08,15
241,API3USDT,IMXUSDT,0.0,-4.37,-3.37,3.39,15
54,1INCHUSDT,LINKUSDT,0.03,-3.59,-3.37,0.09,15
679,FLOWUSDT,CELRUSDT,0.04,-3.39,-3.37,102.83,15
1354,UNFIUSDT,HNTUSDT,0.01,-3.92,-3.37,1.78,15
677,FLOWUSDT,C98USDT,0.0,-4.68,-3.37,4.78,15
1092,OPUSDT,1INCHUSDT,0.01,-4.1,-3.37,1.65,15
1525,YGGUSDT,REQUSDT,0.01,-3.94,-3.37,2.46,15
660,FILUSDT,1INCHUSDT,0.03,-3.53,-3.37,8.23,15
191,ALGOUSDT,BOBAUSDT,0.01,-3.81,-3.37,1.24,15
460,COMPUSDT,QNTUSDT,0.01,-3.77,-3.37,0.35,15
78,AAVEUSDT,RUNEUSDT,0.03,-3.48,-3.37,49.69,15
350,CHRUSDT,CELOUSDT,0.01,-3.93,-3.37,0.23,15
644,ENJUSDT,TWTUSDT,0.03,-3.55,-3.37,0.14,15
334,CHRUSDT,AGLDUSDT,0.02,-3.64,-3.37,0.44,15
181,AGLDUSDT,XMRUSDT,0.01,-3.91,-3.37,0.0,15
168,AGLDUSDT,REQUSDT,0.01,-3.77,-3.37,2.83,14
1375,UNFIUSDT,ONEUSDT,0.0,-4.56,-3.37,300.56,14
439,COMPUSDT,GMTUSDT,0.01,-3.94,-3.37,100.43,14
850,LITUSDT,AKROUSDT,0.02,-3.72,-3.37,252.42,14
179,AGLDUSDT,USDCUSDT,0.01,-3.81,-3.37,0.24,14
249,API3USDT,MASKUSDT,0.01,-3.82,-3.37,0.55,14
843,LDOUSDT,BNXUSDT,0.02,-3.74,-3.37,0.01,14
224,API3USDT,BNXUSDT,0.02,-3.65,-3.37,0.01,14
1428,WAVESUSDT,AKROUSDT,0.04,-3.44,-3.37,823.47,14
1315,UNFIUSDT,BAKEUSDT,0.0,-4.55,-3.37,22.94,14
1316,UNFIUSDT,BALUSDT,0.01,-3.93,-3.37,0.77,14
167,AGLDUSDT,PAXGUSDT,0.02,-3.75,-3.37,0.0,14
1406,UNFIUSDT,XNOUSDT,0.01,-3.79,-3.37,7.05,14
1282,SNXUSDT,HNTUSDT,0.02,-3.6,-3.37,0.72,14
353,CHRUSDT,CKBUSDT,0.0,-4.46,-3.37,43.31,14
1345,UNFIUSDT,ETCUSDT,0.01,-3.93,-3.37,0.22,14
1299,UNFIUSDT,1000XECUSDT,0.0,-4.27,-3.37,142.32,14
1342,UNFIUSDT,EGLDUSDT,0.0,-4.33,-3.37,0.1,14
396,CHRUSDT,SUSHIUSDT,0.02,-3.6,-3.37,0.09,14
1377,UNFIUSDT,OPUSDT,0.05,-3.37,-3.37,4.79,14
1149,REEFUSDT,COTIUSDT,0.01,-3.78,-3.37,0.04,14
547,DENTUSDT,1000LUNCUSDT,0.02,-3.65,-3.37,0.0,14
1111,OPUSDT,EGLDUSDT,0.01,-3.77,-3.37,0.02,14
647,ENSUSDT,10000NFTUSDT,0.02,-3.68,-3.37,2655.54,14
1093,OPUSDT,AAVEUSDT,0.02,-3.72,-3.37,0.02,14
1041,NEOUSDT,AKROUSDT,0.04,-3.47,-3.37,2469.02,14
81,AAVEUSDT,SUNUSDT,0.04,-3.41,-3.37,11333.67,14
127,AGLDUSDT,10000NFTUSDT,0.01,-3.96,-3.37,52.71,14
601,DYDXUSDT,GMXUSDT,0.01,-3.94,-3.37,0.04,14
1153,REEFUSDT,EGLDUSDT,0.03,-3.58,-3.37,0.0,14
1168,RVNUSDT,1000LUNCUSDT,0.05,-3.37,-3.37,0.13,14
765,HBARUSDT,AAVEUSDT,0.04,-3.41,-3.37,0.0,14
1080,OMGUSDT,SFPUSDT,0.03,-3.48,-3.37,2.17,14
1100,OPUSDT,AXSUSDT,0.0,-4.25,-3.37,0.13,14
731,GLMRUSDT,AAVEUSDT,0.03,-3.52,-3.37,0.01,14
35,1000LUNCUSDT,SHIB1000USDT,0.04,-3.44,-3.37,17.98,14
1241,SLPUSDT,AXSUSDT,0.03,-3.52,-3.37,0.0,14
123,ADAUSDT,1000LUNCUSDT,0.0,-8.69,-3.37,2.01,14
254,API3USDT,REQUSDT,0.03,-3.58,-3.37,16.18,14
528,CTKUSDT,USDCUSDT,0.03,-3.52,-3.37,0.73,14
520,CTKUSDT,RSS3USDT,0.01,-4.1,-3.37,5.91,14
534,CTSIUSDT,AXSUSDT,0.03,-3.55,-3.37,0.02,14
39,1000XECUSDT,BALUSDT,0.02,-3.6,-3.37,0.01,14
1477,XTZUSDT,STORJUSDT,0.02,-3.62,-3.37,2.91,14
952,LRCUSDT,CREAMUSDT,0.04,-3.45,-3.37,0.02,13
213,API3USDT,ANTUSDT,0.02,-3.71,-3.37,0.75,13
909,LOOKSUSDT,RVNUSDT,0.0,-4.27,-3.37,5.99,13
216,API3USDT,ASTRUSDT,0.02,-3.66,-3.37,36.83,13
245,API3USDT,KSMUSDT,0.05,-3.37,-3.37,0.06,13
221,API3USDT,BELUSDT,0.02,-3.74,-3.37,3.48,13
198,ALGOUSDT,REQUSDT,0.03,-3.51,-3.37,2.88,13
238,API3USDT,GMTUSDT,0.03,-3.5,-3.37,3.67,13
52,1INCHUSDT,CELOUSDT,0.01,-4.03,-3.37,1.11,13
861,LOOKSUSDT,AUDIOUSDT,0.04,-3.38,-3.37,0.86,13
134,AGLDUSDT,ANTUSDT,0.01,-3.89,-3.37,0.13,13
1514,YGGUSDT,ICXUSDT,0.02,-3.68,-3.37,1.34,13
904,LOOKSUSDT,QNTUSDT,0.01,-4.08,-3.37,0.0,13
80,AAVEUSDT,STGUSDT,0.0,-4.49,-3.37,133.45,13
920,LOOKSUSDT,TOMOUSDT,0.02,-3.68,-3.37,0.42,13
871,LOOKSUSDT,CELRUSDT,0.03,-3.5,-3.37,11.09,13
923,LOOKSUSDT,TWTUSDT,0.01,-3.95,-3.37,0.06,13
897,LOOKSUSDT,LDOUSDT,0.03,-3.56,-3.37,0.11,13
1494,YGGUSDT,ASTRUSDT,0.01,-3.81,-3.37,5.6,13
88,ACHUSDT,APEUSDT,0.03,-3.47,-3.37,0.0,13
162,AGLDUSDT,MASKUSDT,0.02,-3.59,-3.37,0.1,13
893,LOOKSUSDT,JASMYUSDT,0.01,-3.91,-3.37,32.5,13
158,AGLDUSDT,KAVAUSDT,0.01,-3.87,-3.37,0.28,13
157,AGLDUSDT,JSTUSDT,0.01,-3.87,-3.37,11.47,13
113,ACHUSDT,SFPUSDT,0.01,-4.05,-3.37,0.02,13
125,ADAUSDT,1INCHUSDT,0.0,-7.97,-3.37,0.61,13
723,GALUSDT,BELUSDT,0.04,-3.4,-3.37,3.3,13
912,LOOKSUSDT,SFPUSDT,0.0,-4.17,-3.37,0.24,13
267,API3USDT,ZENUSDT,0.02,-3.64,-3.37,0.16,13
1322,UNFIUSDT,BLZUSDT,0.01,-3.9,-3.37,71.03,13
599,DYDXUSDT,FXSUSDT,0.02,-3.6,-3.37,0.42,13
395,CHRUSDT,STORJUSDT,0.01,-3.94,-3.37,0.32,13
411,COMPUSDT,1INCHUSDT,0.02,-3.72,-3.37,73.65,13
1275,SLPUSDT,MATICUSDT,0.04,-3.39,-3.37,0.0,13
592,DYDXUSDT,BELUSDT,0.03,-3.54,-3.37,4.59,13
1266,SLPUSDT,IMXUSDT,0.02,-3.61,-3.37,0.01,13
569,DODOUSDT,TWTUSDT,0.03,-3.48,-3.37,0.05,13
1255,SLPUSDT,CVXUSDT,0.01,-3.88,-3.37,0.0,13
797,IOTXUSDT,APEUSDT,0.02,-3.71,-3.37,0.01,13
461,COMPUSDT,QTUMUSDT,0.04,-3.4,-3.37,18.66,13
469,COMPUSDT,STORJUSDT,0.01,-4.02,-3.37,114.77,13
1239,SLPUSDT,APEUSDT,0.02,-3.67,-3.37,0.0,13
1231,SKLUSDT,MTLUSDT,0.01,-3.8,-3.37,0.04,13
1222,SKLUSDT,ICXUSDT,0.04,-3.38,-3.37,0.16,13
511,CTKUSDT,KAVAUSDT,0.01,-3.99,-3.37,0.87,13
561,DODOUSDT,CELRUSDT,0.03,-3.51,-3.37,10.18,13
1196,SANDUSDT,IMXUSDT,0.01,-3.89,-3.37,1.34,13
1192,SANDUSDT,CVXUSDT,0.01,-3.96,-3.37,0.15,13
546,CVCUSDT,APEUSDT,0.03,-3.5,-3.37,0.03,13
994,LRCUSDT,TRBUSDT,0.03,-3.53,-3.37,0.02,13
364,CHRUSDT,GALUSDT,0.04,-3.39,-3.37,0.08,13
663,FITFIUSDT,1INCHUSDT,0.0,-4.39,-3.37,0.06,13
969,LRCUSDT,JASMYUSDT,0.02,-3.68,-3.37,61.48,13
730,GLMRUSDT,1INCHUSDT,0.02,-3.71,-3.37,0.65,13
287,AVAXUSDT,RVNUSDT,0.0,-4.25,-3.37,590.31,13
696,FTMUSDT,IMXUSDT,0.04,-3.4,-3.37,0.42,13
1074,OMGUSDT,BELUSDT,0.04,-3.4,-3.37,2.75,13
840,LDOUSDT,APEUSDT,0.0,-4.2,-3.37,0.36,13
1363,UNFIUSDT,KSMUSDT,0.0,-5.7,-3.37,0.17,13
1096,OPUSDT,ALPHAUSDT,0.01,-3.84,-3.37,10.1,13
1328,UNFIUSDT,CELOUSDT,0.0,-6.01,-3.37,8.77,13
1015,LUNA2USDT,BATUSDT,0.04,-3.43,-3.37,6.87,13
1120,OPUSDT,KDAUSDT,0.03,-3.52,-3.37,1.02,13
973,LRCUSDT,KNCUSDT,0.01,-4.08,-3.37,0.41,13
1132,OPUSDT,SKLUSDT,0.02,-3.73,-3.37,34.17,13
1139,OPUSDT,ZRXUSDT,0.03,-3.54,-3.37,4.64,13
828,KNCUSDT,C98USDT,0.02,-3.76,-3.37,2.39,13
1034,MANAUSDT,CELOUSDT,0.03,-3.54,-3.37,0.82,13
610,DYDXUSDT,TWTUSDT,0.01,-3.87,-3.37,0.88,13
1333,UNFIUSDT,CRVUSDT,0.0,-6.12,-3.37,7.72,13
1043,NEOUSDT,APTUSDT,0.04,-3.39,-3.37,1.57,12
1075,OMGUSDT,BNXUSDT,0.01,-3.96,-3.37,0.01,12
1176,RVNUSDT,APTUSDT,0.02,-3.62,-3.37,0.0,12
1265,SLPUSDT,HOTUSDT,0.01,-3.86,-3.37,1.63,12
1210,SKLUSDT,BNXUSDT,0.01,-3.82,-3.37,0.0,12
1356,UNFIUSDT,ICXUSDT,0.0,-5.44,-3.37,25.76,12
1366,UNFIUSDT,LITUSDT,0.04,-3.47,-3.37,6.09,12
1394,UNFIUSDT,SUSHIUSDT,0.0,-5.0,-3.37,3.52,12
1364,UNFIUSDT,LINAUSDT,0.04,-3.4,-3.37,713.74,12
1397,UNFIUSDT,TRBUSDT,0.02,-3.72,-3.37,0.38,12
1402,UNFIUSDT,WOOUSDT,0.04,-3.43,-3.37,37.11,12
1359,UNFIUSDT,IOTAUSDT,0.0,-4.19,-3.37,18.99,12
1350,UNFIUSDT,GMXUSDT,0.03,-3.52,-3.37,0.1,12
1372,UNFIUSDT,MTLUSDT,0.0,-4.48,-3.37,5.93,12
1349,UNFIUSDT,GMTUSDT,0.0,-5.11,-3.37,10.76,12
981,LRCUSDT,REQUSDT,0.01,-3.82,-3.37,2.71,12
1429,WAVESUSDT,BNXUSDT,0.01,-3.88,-3.37,0.01,12
1336,UNFIUSDT,CVCUSDT,0.0,-4.15,-3.37,42.97,12
995,LRCUSDT,TRXUSDT,0.02,-3.67,-3.37,4.53,12
1453,XTZUSDT,BNXUSDT,0.0,-4.26,-3.37,0.01,12
1326,UNFIUSDT,BTCUSDT,0.03,-3.49,-3.37,0.0,12
0,10000NFTUSDT,PAXGUSDT,0.03,-3.49,-3.37,0.0,12
777,ICPUSDT,AKROUSDT,0.01,-3.81,-3.37,1398.52,12
79,AAVEUSDT,SFPUSDT,0.0,-4.55,-3.37,111.36,12
608,DYDXUSDT,SCRTUSDT,0.04,-3.43,-3.37,2.86,12
522,CTKUSDT,SFPUSDT,0.03,-3.51,-3.37,1.47,12
519,CTKUSDT,REQUSDT,0.03,-3.53,-3.37,8.66,12
507,CTKUSDT,HNTUSDT,0.03,-3.5,-3.37,0.33,12
717,GALUSDT,10000NFTUSDT,0.04,-3.41,-3.37,286.34,12
759,GMTUSDT,1000LUNCUSDT,0.0,-4.99,-3.37,2.39,12
389,CHRUSDT,RSS3USDT,0.01,-3.85,-3.37,0.85,12
387,CHRUSDT,REQUSDT,0.01,-3.98,-3.37,1.25,12
380,CHRUSDT,MASKUSDT,0.04,-3.46,-3.37,0.04,12
316,BTCUSDT,KDAUSDT,0.04,-3.46,-3.37,19460.67,12
208,ALPHAUSDT,HOTUSDT,0.03,-3.56,-3.37,56.35,12
199,ALGOUSDT,RSS3USDT,0.02,-3.76,-3.37,1.97,12
637,ENJUSDT,SFPUSDT,0.01,-3.77,-3.37,0.58,12
905,LOOKSUSDT,REQUSDT,0.01,-3.96,-3.37,1.43,12
1516,YGGUSDT,JSTUSDT,0.01,-3.91,-3.37,9.99,11
761,GMTUSDT,1INCHUSDT,0.0,-5.01,-3.37,0.73,11
474,COMPUSDT,TOMOUSDT,0.02,-3.69,-3.37,129.94,11
442,COMPUSDT,HOTUSDT,0.02,-3.65,-3.37,25440.05,11
1042,NEOUSDT,APEUSDT,0.02,-3.66,-3.37,2.1,11
432,COMPUSDT,CVXUSDT,0.01,-4.0,-3.37,10.24,11
1273,SLPUSDT,LTCUSDT,0.03,-3.56,-3.37,0.0,11
1283,SNXUSDT,HOTUSDT,0.05,-3.37,-3.37,1102.52,11
1284,SNXUSDT,LTCUSDT,0.01,-3.77,-3.37,0.03,11
406,CHRUSDT,ZENUSDT,0.01,-3.77,-3.37,0.01,11
921,LOOKSUSDT,TRBUSDT,0.0,-4.21,-3.37,0.01,11
400,CHRUSDT,UNIUSDT,0.03,-3.51,-3.37,0.02,11
1028,MANAUSDT,ANTUSDT,0.04,-3.4,-3.37,0.21,11
762,GMTUSDT,AAVEUSDT,0.0,-5.03,-3.37,0.01,11
1047,NEOUSDT,BELUSDT,0.02,-3.68,-3.37,16.37,11
1529,YGGUSDT,STORJUSDT,0.01,-4.05,-3.37,0.64,11
930,LOOKSUSDT,XRPUSDT,0.04,-3.42,-3.37,0.34,11
45,1000XECUSDT,KDAUSDT,0.0,-4.86,-3.37,0.03,11
768,HBARUSDT,ASTRUSDT,0.02,-3.61,-3.37,1.23,11
646,ENJUSDT,ZRXUSDT,0.04,-3.4,-3.37,1.59,11
374,CHRUSDT,KSMUSDT,0.02,-3.61,-3.37,0.0,11
362,CHRUSDT,ETHWUSDT,0.02,-3.74,-3.37,0.03,11
1329,UNFIUSDT,CELRUSDT,0.0,-5.63,-3.37,366.61,11
323,CEEKUSDT,1INCHUSDT,0.03,-3.56,-3.37,0.19,11
996,LRCUSDT,TWTUSDT,0.02,-3.71,-3.37,0.11,11
895,LOOKSUSDT,KAVAUSDT,0.01,-4.01,-3.37,0.14,11
1355,UNFIUSDT,HOTUSDT,0.0,-4.74,-3.37,2725.9,11
475,COMPUSDT,TRBUSDT,0.01,-3.98,-3.37,3.53,11
477,COMPUSDT,TWTUSDT,0.01,-4.03,-3.37,18.19,11
262,API3USDT,TWTUSDT,0.02,-3.69,-3.37,0.66,11
494,CTKUSDT,ASTRUSDT,0.01,-4.05,-3.37,19.72,11
1117,OPUSDT,GMXUSDT,0.01,-3.81,-3.37,0.02,11
1119,OPUSDT,KAVAUSDT,0.04,-3.46,-3.37,0.99,11
1121,OPUSDT,KLAYUSDT,0.04,-3.4,-3.37,5.17,11
1123,OPUSDT,LTCUSDT,0.03,-3.5,-3.37,0.01,11
1125,OPUSDT,MASKUSDT,0.01,-4.11,-3.37,0.34,11
1101,OPUSDT,BCHUSDT,0.01,-4.08,-3.37,0.01,11
612,DYDXUSDT,ZENUSDT,0.02,-3.67,-3.37,0.21,11
1098,OPUSDT,APEUSDT,0.0,-4.13,-3.37,0.27,11
31,1000LUNCUSDT,LTCUSDT,0.03,-3.58,-3.37,0.0,11
594,DYDXUSDT,CRVUSDT,0.03,-3.5,-3.37,3.48,11
562,DODOUSDT,CRVUSDT,0.02,-3.65,-3.37,0.21,11
550,DENTUSDT,APEUSDT,0.01,-3.96,-3.37,0.0,11
688,FTMUSDT,BAKEUSDT,0.03,-3.5,-3.37,0.98,11
1186,SANDUSDT,BELUSDT,0.01,-3.84,-3.37,1.37,11
693,FTMUSDT,CVXUSDT,0.01,-4.01,-3.37,0.05,11
1208,SKLUSDT,ASTRUSDT,0.04,-3.39,-3.37,0.66,11
518,CTKUSDT,ONTUSDT,0.03,-3.5,-3.37,4.33,11
509,CTKUSDT,IMXUSDT,0.01,-3.87,-3.37,1.82,11
1219,SKLUSDT,ETHWUSDT,0.03,-3.53,-3.37,0.01,11
902,LOOKSUSDT,ONTUSDT,0.01,-3.85,-3.37,0.72,11
713,GALAUSDT,CELOUSDT,0.04,-3.4,-3.37,0.05,11
506,CTKUSDT,GMTUSDT,0.03,-3.48,-3.37,1.96,11
1224,SKLUSDT,KAVAUSDT,0.03,-3.51,-3.37,0.03,11
1056,NEOUSDT,KAVAUSDT,0.03,-3.54,-3.37,7.62,11
496,CTKUSDT,BCHUSDT,0.0,-4.72,-3.37,0.01,11
1357,UNFIUSDT,IMXUSDT,0.0,-5.36,-3.37,9.95,11
764,GRTUSDT,COTIUSDT,0.02,-3.64,-3.37,0.78,11
1439,WAVESUSDT,TWTUSDT,0.03,-3.59,-3.37,1.04,11
204,ALPHAUSDT,BELUSDT,0.02,-3.75,-3.37,0.21,11
156,AGLDUSDT,IMXUSDT,0.01,-4.05,-3.37,0.59,11
164,AGLDUSDT,MKRUSDT,0.02,-3.71,-3.37,0.0,11
166,AGLDUSDT,ONTUSDT,0.01,-4.11,-3.37,1.41,11
175,AGLDUSDT,SUSHIUSDT,0.01,-3.79,-3.37,0.21,11
894,LOOKSUSDT,JSTUSDT,0.01,-3.98,-3.37,5.82,11
1434,WAVESUSDT,LTCUSDT,0.04,-3.46,-3.37,0.03,11
852,LOOKSUSDT,10000NFTUSDT,0.01,-3.87,-3.37,26.75,11
138,AGLDUSDT,BCHUSDT,0.02,-3.61,-3.37,0.0,11
203,ALGOUSDT,XEMUSDT,0.04,-3.38,-3.37,7.61,11
1523,YGGUSDT,ONTUSDT,0.01,-3.85,-3.37,1.23,11
970,LRCUSDT,JSTUSDT,0.02,-3.7,-3.37,11.02,11
1431,WAVESUSDT,CVXUSDT,0.02,-3.71,-3.37,0.59,11
188,ALGOUSDT,ASTRUSDT,0.0,-4.14,-3.37,6.56,11
1421,VETUSDT,ASTRUSDT,0.04,-3.45,-3.37,0.48,11
153,AGLDUSDT,HNTUSDT,0.03,-3.49,-3.37,0.11,11
1460,XTZUSDT,ETHWUSDT,0.04,-3.46,-3.37,0.29,11
1503,YGGUSDT,CHZUSDT,0.02,-3.67,-3.37,1.12,11
257,API3USDT,STGUSDT,0.03,-3.5,-3.37,3.29,11
58,AAVEUSDT,ASTRUSDT,0.0,-4.91,-3.37,1493.32,11
244,API3USDT,KAVAUSDT,0.03,-3.53,-3.37,1.62,11
243,API3USDT,JSTUSDT,0.04,-3.45,-3.37,65.69,11
879,LOOKSUSDT,DARUSDT,0.04,-3.45,-3.37,0.96,11
66,AAVEUSDT,COTIUSDT,0.03,-3.49,-3.37,794.56,11
84,AAVEUSDT,XEMUSDT,0.04,-3.4,-3.37,1731.36,10
1116,OPUSDT,GMTUSDT,0.04,-3.39,-3.37,2.25,10
59,AAVEUSDT,BANDUSDT,0.03,-3.55,-3.37,33.05,10
1512,YGGUSDT,GMTUSDT,0.01,-3.82,-3.37,0.56,10
61,AAVEUSDT,BNXUSDT,0.02,-3.74,-3.37,0.35,10
180,AGLDUSDT,XEMUSDT,0.01,-4.1,-3.37,7.45,10
1128,OPUSDT,PAXGUSDT,0.04,-3.43,-3.37,0.0,10
1133,OPUSDT,SNXUSDT,0.03,-3.58,-3.37,0.52,10
476,COMPUSDT,TRXUSDT,0.01,-3.98,-3.37,739.45,10
690,FTMUSDT,BNXUSDT,0.03,-3.58,-3.37,0.0,10
1369,UNFIUSDT,MATICUSDT,0.0,-5.92,-3.37,4.95,10
481,COMPUSDT,WOOUSDT,0.04,-3.42,-3.37,346.35,10
1235,SLPUSDT,1000LUNCUSDT,0.02,-3.71,-3.37,0.02,10
874,LOOKSUSDT,COTIUSDT,0.01,-3.95,-3.37,1.74,10
498,CTKUSDT,BNXUSDT,0.03,-3.51,-3.37,0.0,10
675,FLOWUSDT,BNXUSDT,0.0,-4.29,-3.37,0.01,10
412,COMPUSDT,AAVEUSDT,0.03,-3.49,-3.37,0.67,10
1091,OPUSDT,1000LUNCUSDT,0.01,-4.08,-3.37,5.43,10
908,LOOKSUSDT,RSS3USDT,0.01,-3.98,-3.37,0.98,10
524,CTKUSDT,STORJUSDT,0.03,-3.59,-3.37,2.24,10
419,COMPUSDT,BANDUSDT,0.01,-4.11,-3.37,22.29,10
270,APTUSDT,APEUSDT,0.02,-3.76,-3.37,1.33,10
1424,VETUSDT,BNXUSDT,0.01,-3.93,-3.37,0.0,10
1391,UNFIUSDT,STMXUSDT,0.01,-3.77,-3.37,819.16,10
1403,UNFIUSDT,XEMUSDT,0.0,-5.19,-3.37,124.99,10
1312,UNFIUSDT,AUDIOUSDT,0.01,-3.9,-3.37,28.28,10
1401,UNFIUSDT,USDCUSDT,0.0,-4.88,-3.37,4.01,10
371,CHRUSDT,IOSTUSDT,0.04,-3.41,-3.37,13.14,10
782,ICPUSDT,BNXUSDT,0.03,-3.58,-3.37,0.02,10
1318,UNFIUSDT,BATUSDT,0.0,-4.21,-3.37,18.36,10
787,INJUSDT,BNXUSDT,0.01,-3.84,-3.37,0.01,10
1324,UNFIUSDT,BNXUSDT,0.0,-5.7,-3.37,0.03,10
1310,UNFIUSDT,ARUSDT,0.0,-4.18,-3.37,0.44,10
1327,UNFIUSDT,C98USDT,0.0,-4.73,-3.37,17.05,10
999,LRCUSDT,WOOUSDT,0.03,-3.48,-3.37,2.12,10
1387,UNFIUSDT,SHIB1000USDT,0.03,-3.57,-3.37,467.38,10
1384,UNFIUSDT,RSS3USDT,0.0,-5.37,-3.37,32.38,10
1353,UNFIUSDT,HBARUSDT,0.02,-3.7,-3.37,87.41,10
1380,UNFIUSDT,QTUMUSDT,0.01,-3.89,-3.37,2.0,10
299,BITUSDT,COTIUSDT,0.01,-3.87,-3.37,4.01,10
1311,UNFIUSDT,ASTRUSDT,0.0,-5.22,-3.37,107.94,10
1230,SKLUSDT,MASKUSDT,0.03,-3.48,-3.37,0.01,10
1305,UNFIUSDT,ANKRUSDT,0.0,-5.22,-3.37,193.22,10
831,KNCUSDT,COTIUSDT,0.0,-4.47,-3.37,8.04,10
1025,MANAUSDT,1000XECUSDT,0.04,-3.42,-3.37,13.29,10
1019,LUNA2USDT,BNXUSDT,0.0,-4.26,-3.37,0.01,10
398,CHRUSDT,TRXUSDT,0.01,-3.82,-3.37,2.08,10
435,COMPUSDT,ETHWUSDT,0.01,-3.85,-3.37,11.44,9
369,CHRUSDT,ICXUSDT,0.03,-3.56,-3.37,0.68,9
567,DODOUSDT,LTCUSDT,0.04,-3.4,-3.37,0.0,9
574,DUSKUSDT,COTIUSDT,0.04,-3.45,-3.37,1.2,9
1162,RNDRUSDT,1INCHUSDT,0.02,-3.72,-3.37,0.84,9
397,CHRUSDT,TOMOUSDT,0.02,-3.62,-3.37,0.37,9
1156,REEFUSDT,JSTUSDT,0.04,-3.44,-3.37,0.14,9
596,DYDXUSDT,DASHUSDT,0.01,-3.93,-3.37,0.05,9
607,DYDXUSDT,REQUSDT,0.04,-3.47,-3.37,21.39,9
1502,YGGUSDT,CELRUSDT,0.03,-3.48,-3.37,19.01,9
349,CHRUSDT,BSWUSDT,0.02,-3.67,-3.37,0.54,9
611,DYDXUSDT,XRPUSDT,0.02,-3.72,-3.37,5.02,9
1175,RVNUSDT,APEUSDT,0.0,-4.18,-3.37,0.01,9
1504,YGGUSDT,COTIUSDT,0.04,-3.4,-3.37,2.98,9
339,CHRUSDT,ASTRUSDT,0.01,-3.86,-3.37,2.84,9
630,ENJUSDT,IMXUSDT,0.04,-3.44,-3.37,0.71,9
195,ALGOUSDT,KAVAUSDT,0.04,-3.47,-3.37,0.29,9
426,COMPUSDT,CELOUSDT,0.01,-4.0,-3.37,81.79,9
633,ENJUSDT,LTCUSDT,0.02,-3.7,-3.37,0.0,9
1269,SLPUSDT,KAVAUSDT,0.03,-3.49,-3.37,0.0,9
421,COMPUSDT,BELUSDT,0.01,-3.97,-3.37,95.16,9
403,CHRUSDT,XMRUSDT,0.02,-3.67,-3.37,0.0,9
292,BATUSDT,APEUSDT,0.01,-3.91,-3.37,0.07,9
558,DGBUSDT,APEUSDT,0.0,-4.5,-3.37,0.0,9
1493,YGGUSDT,APEUSDT,0.01,-4.05,-3.37,0.07,9
55,1INCHUSDT,LTCUSDT,0.02,-3.7,-3.37,0.01,9
1183,SANDUSDT,APEUSDT,0.01,-3.9,-3.37,0.18,9
492,CTKUSDT,ANTUSDT,0.04,-3.46,-3.37,0.4,9
1448,XTZUSDT,ANTUSDT,0.03,-3.58,-3.37,0.52,9
32,1000LUNCUSDT,SCRTUSDT,0.0,-5.2,-3.37,0.24,9
503,CTKUSDT,DASHUSDT,0.0,-4.58,-3.37,0.02,9
1449,XTZUSDT,ASTRUSDT,0.02,-3.6,-3.37,25.53,9
214,API3USDT,APEUSDT,0.0,-4.26,-3.37,0.45,9
1455,XTZUSDT,CELOUSDT,0.02,-3.61,-3.37,2.07,9
1458,XTZUSDT,CVXUSDT,0.02,-3.65,-3.37,0.26,9
513,CTKUSDT,LINKUSDT,0.0,-4.51,-3.37,0.12,9
142,AGLDUSDT,CELOUSDT,0.01,-3.82,-3.37,0.52,9
1466,XTZUSDT,KAVAUSDT,0.02,-3.61,-3.37,1.12,9
373,CHRUSDT,KAVAUSDT,0.01,-3.87,-3.37,0.12,9
210,API3USDT,1INCHUSDT,0.03,-3.51,-3.37,2.69,9
523,CTKUSDT,STGUSDT,0.02,-3.74,-3.37,1.76,9
1244,SLPUSDT,BELUSDT,0.01,-3.79,-3.37,0.01,9
525,CTKUSDT,TOMOUSDT,0.04,-3.45,-3.37,2.54,9
1423,VETUSDT,BELUSDT,0.03,-3.56,-3.37,0.05,9
130,AGLDUSDT,1INCHUSDT,0.02,-3.7,-3.37,0.47,9
532,CTKUSDT,ZENUSDT,0.01,-4.08,-3.37,0.08,9
536,CTSIUSDT,CELOUSDT,0.02,-3.64,-3.37,0.22,9
539,CTSIUSDT,DASHUSDT,0.04,-3.44,-3.37,0.0,9
1476,XTZUSDT,STGUSDT,0.02,-3.75,-3.37,2.28,9
173,AGLDUSDT,STGUSDT,0.01,-4.02,-3.37,0.57,9
1185,SANDUSDT,BCHUSDT,0.04,-3.4,-3.37,0.01,9
1492,YGGUSDT,ANTUSDT,0.01,-3.91,-3.37,0.11,9
1201,SANDUSDT,MATICUSDT,0.02,-3.6,-3.37,0.66,9
914,LOOKSUSDT,STORJUSDT,0.01,-4.0,-3.37,0.37,9
993,LRCUSDT,SXPUSDT,0.04,-3.4,-3.37,1.05,9
781,ICPUSDT,BELUSDT,0.01,-3.86,-3.37,9.27,9
678,FLOWUSDT,CELOUSDT,0.01,-3.96,-3.37,2.46,9
1048,NEOUSDT,CELOUSDT,0.03,-3.51,-3.37,14.07,9
823,KNCUSDT,BCHUSDT,0.0,-4.17,-3.37,0.01,9
910,LOOKSUSDT,SCRTUSDT,0.0,-5.02,-3.37,0.19,9
767,HBARUSDT,ARUSDT,0.04,-3.41,-3.37,0.0,9
683,FLOWUSDT,CVXUSDT,0.02,-3.73,-3.37,0.31,9
1016,LUNA2USDT,BCHUSDT,0.01,-3.77,-3.37,0.01,9
1085,ONEUSDT,BELUSDT,0.01,-3.95,-3.37,0.03,9
754,GLMRUSDT,CELOUSDT,0.01,-3.94,-3.37,0.72,9
842,LDOUSDT,ASTRUSDT,0.04,-3.4,-3.37,29.54,9
674,FLOWUSDT,BELUSDT,0.01,-3.84,-3.37,2.86,9
955,LRCUSDT,CVXUSDT,0.02,-3.67,-3.37,0.06,9
829,KNCUSDT,CELOUSDT,0.01,-4.11,-3.37,1.23,9
814,KNCUSDT,AAVEUSDT,0.04,-3.46,-3.37,0.01,9
649,ETCUSDT,CELOUSDT,0.02,-3.63,-3.37,39.29,9
1039,NEARUSDT,CELOUSDT,0.01,-3.92,-3.37,3.39,9
746,GLMRUSDT,BELUSDT,0.01,-3.87,-3.37,0.83,9
932,LOOKSUSDT,ZENUSDT,0.02,-3.64,-3.37,0.01,9
950,LRCUSDT,CELOUSDT,0.02,-3.71,-3.37,0.5,9
1351,UNFIUSDT,GRTUSDT,0.03,-3.48,-3.37,73.33,8
24,1000LUNCUSDT,BNXUSDT,0.0,-4.49,-3.37,0.0,8
1386,UNFIUSDT,SFPUSDT,0.0,-5.21,-3.37,8.04,8
526,CTKUSDT,TRXUSDT,0.03,-3.52,-3.37,14.47,8
313,BTCUSDT,BNXUSDT,0.04,-3.45,-3.37,102.25,8
309,BITUSDT,XEMUSDT,0.04,-3.44,-3.37,8.73,8
1378,UNFIUSDT,PEOPLEUSDT,0.0,-4.39,-3.37,186.54,8
1221,SKLUSDT,HNTUSDT,0.04,-3.45,-3.37,0.01,8
1376,UNFIUSDT,ONTUSDT,0.0,-5.29,-3.37,23.71,8
368,CHRUSDT,HOTUSDT,0.01,-3.88,-3.37,71.58,8
821,KNCUSDT,BANDUSDT,0.0,-4.31,-3.37,0.33,8
686,FTMUSDT,AKROUSDT,0.01,-3.86,-3.37,65.44,8
927,LOOKSUSDT,XEMUSDT,0.0,-4.21,-3.37,3.78,8
1371,UNFIUSDT,MKRUSDT,0.0,-4.66,-3.37,0.01,8
1358,UNFIUSDT,INJUSDT,0.03,-3.53,-3.37,2.57,8
285,AVAXUSDT,HNTUSDT,0.02,-3.65,-3.37,5.31,8
769,HBARUSDT,BNXUSDT,0.02,-3.74,-3.37,0.0,8
1014,LUNA2USDT,BANDUSDT,0.02,-3.69,-3.37,0.89,8
540,CTSIUSDT,HNTUSDT,0.03,-3.54,-3.37,0.04,8
1160,REQUSDT,1000XECUSDT,0.04,-3.43,-3.37,3.0,8
749,GLMRUSDT,BNXUSDT,0.0,-4.14,-3.37,0.0,8
886,LOOKSUSDT,GMTUSDT,0.01,-3.96,-3.37,0.33,8
964,LRCUSDT,GMTUSDT,0.02,-3.68,-3.37,0.62,8
1482,XTZUSDT,XEMUSDT,0.02,-3.63,-3.37,29.58,8
409,CKBUSDT,BNXUSDT,0.03,-3.51,-3.37,0.0,8
402,CHRUSDT,XEMUSDT,0.01,-3.87,-3.37,3.29,8
1405,UNFIUSDT,XMRUSDT,0.0,-5.09,-3.37,0.03,8
1400,UNFIUSDT,UNIUSDT,0.01,-4.02,-3.37,0.76,8
1392,UNFIUSDT,STORJUSDT,0.0,-5.34,-3.37,12.29,8
602,DYDXUSDT,HNTUSDT,0.04,-3.43,-3.37,0.8,8
628,ENJUSDT,HNTUSDT,0.0,-4.29,-3.37,0.13,8
422,COMPUSDT,BNXUSDT,0.0,-4.27,-3.37,0.24,8
2,1000BTTUSDT,BNBUSDT,0.03,-3.49,-3.37,0.0,8
111,ACHUSDT,RSS3USDT,0.03,-3.49,-3.37,0.07,8
1393,UNFIUSDT,SUNUSDT,0.02,-3.76,-3.37,818.73,8
737,GLMRUSDT,APEUSDT,0.01,-4.07,-3.37,0.11,7
710,GALAUSDT,BELUSDT,0.05,-3.37,-3.37,0.06,7
444,COMPUSDT,ICXUSDT,0.02,-3.63,-3.37,240.43,7
366,CHRUSDT,GMTUSDT,0.01,-3.86,-3.37,0.28,7
1515,YGGUSDT,IMXUSDT,0.01,-3.89,-3.37,0.52,7
417,COMPUSDT,ASTRUSDT,0.01,-3.95,-3.37,1007.69,7
508,CTKUSDT,ICXUSDT,0.02,-3.6,-3.37,4.7,7
708,GALAUSDT,ASTRUSDT,0.03,-3.55,-3.37,0.67,7
376,CHRUSDT,LINKUSDT,0.01,-3.89,-3.37,0.02,7
1501,YGGUSDT,CELOUSDT,0.01,-3.91,-3.37,0.45,7
420,COMPUSDT,BCHUSDT,0.01,-3.82,-3.37,0.36,7
358,CHRUSDT,CVXUSDT,0.01,-3.96,-3.37,0.03,7
1040,NEARUSDT,CRVUSDT,0.0,-4.23,-3.37,2.98,7
1067,OCEANUSDT,APEUSDT,0.05,-3.37,-3.37,0.04,7
343,CHRUSDT,BCHUSDT,0.02,-3.71,-3.37,0.0,7
783,ICPUSDT,CELOUSDT,0.01,-3.81,-3.37,7.97,7
935,LPTUSDT,APEUSDT,0.03,-3.56,-3.37,2.27,7
445,COMPUSDT,IMXUSDT,0.01,-3.99,-3.37,92.88,7
1510,YGGUSDT,ETHWUSDT,0.03,-3.48,-3.37,0.06,7
1022,LUNA2USDT,CELOUSDT,0.01,-3.93,-3.37,3.28,7
484,COMPUSDT,XRPUSDT,0.04,-3.43,-3.37,103.91,7
336,CHRUSDT,ANKRUSDT,0.04,-3.41,-3.37,5.08,7
487,CROUSDT,1INCHUSDT,0.02,-3.73,-3.37,0.13,7
760,GMTUSDT,1000XECUSDT,0.0,-4.98,-3.37,13.09,7
491,CTKUSDT,ANKRUSDT,0.04,-3.38,-3.37,35.28,7
726,GALUSDT,CELOUSDT,0.02,-3.74,-3.37,2.84,7
1029,MANAUSDT,APEUSDT,0.02,-3.7,-3.37,0.12,7
1031,MANAUSDT,BELUSDT,0.03,-3.54,-3.37,0.95,7
1017,LUNA2USDT,BELUSDT,0.01,-3.96,-3.37,3.82,7
493,CTKUSDT,APEUSDT,0.02,-3.75,-3.37,0.24,7
1249,SLPUSDT,CELOUSDT,0.04,-3.47,-3.37,0.01,7
65,AAVEUSDT,CELOUSDT,0.03,-3.51,-3.37,121.16,7
1517,YGGUSDT,KAVAUSDT,0.01,-3.96,-3.37,0.25,7
450,COMPUSDT,LINKUSDT,0.01,-3.95,-3.37,6.32,7
1229,SKLUSDT,LTCUSDT,0.01,-3.77,-3.37,0.0,7
889,LOOKSUSDT,ICXUSDT,0.02,-3.6,-3.37,0.78,7
338,CHRUSDT,APEUSDT,0.01,-4.02,-3.37,0.03,7
1545,ZILUSDT,APEUSDT,0.0,-5.01,-3.37,0.01,7
705,FXSUSDT,ASTRUSDT,0.01,-3.82,-3.37,116.66,7
1141,QTUMUSDT,APEUSDT,0.03,-3.56,-3.37,0.65,7
1164,RSRUSDT,ASTRUSDT,0.03,-3.48,-3.37,0.1,7
590,DYDXUSDT,1INCHUSDT,0.01,-3.83,-3.37,3.56,7
332,CHRUSDT,AAVEUSDT,0.04,-3.4,-3.37,0.0,7
227,API3USDT,CRVUSDT,0.0,-4.58,-3.37,2.63,7
94,ACHUSDT,CELOUSDT,0.03,-3.49,-3.37,0.02,7
225,API3USDT,CELOUSDT,0.01,-4.01,-3.37,2.99,7
220,API3USDT,BCHUSDT,0.04,-3.42,-3.37,0.01,7
835,KNCUSDT,CVXUSDT,0.01,-3.94,-3.37,0.15,7
1411,UNFIUSDT,ZRXUSDT,0.0,-5.87,-3.37,22.21,7
836,KNCUSDT,DASHUSDT,0.0,-4.19,-3.37,0.02,7
670,FLOWUSDT,ASTRUSDT,0.0,-4.23,-3.37,30.28,7
192,ALGOUSDT,CELOUSDT,0.04,-3.45,-3.37,0.53,7
89,ACHUSDT,ASTRUSDT,0.03,-3.48,-3.37,0.25,7
4,1000BTTUSDT,CRVUSDT,0.0,-4.79,-3.37,0.0,7
109,ACHUSDT,REQUSDT,0.04,-3.45,-3.37,0.11,7
620,ENJUSDT,CELOUSDT,0.03,-3.5,-3.37,0.63,7
865,LOOKSUSDT,BELUSDT,0.01,-3.89,-3.37,0.31,7
870,LOOKSUSDT,CELOUSDT,0.01,-3.96,-3.37,0.26,7
139,AGLDUSDT,BELUSDT,0.01,-4.04,-3.37,0.61,7
634,ENJUSDT,MATICUSDT,0.04,-3.41,-3.37,0.35,7
1465,XTZUSDT,JSTUSDT,0.02,-3.65,-3.37,45.55,7
1468,XTZUSDT,LTCUSDT,0.02,-3.74,-3.37,0.02,7
654,ETHUSDT,ANTUSDT,0.04,-3.41,-3.37,615.28,7
112,ACHUSDT,SCRTUSDT,0.02,-3.67,-3.37,0.01,7
248,API3USDT,LTCUSDT,0.01,-3.99,-3.37,0.02,7
745,GLMRUSDT,BCHUSDT,0.01,-3.79,-3.37,0.0,7
901,LOOKSUSDT,MATICUSDT,0.01,-3.85,-3.37,0.15,7
687,FTMUSDT,APEUSDT,0.03,-3.53,-3.37,0.06,7
1189,SANDUSDT,CELOUSDT,0.01,-3.84,-3.37,1.18,7
533,CTKUSDT,ZRXUSDT,0.03,-3.59,-3.37,4.06,7
557,DGBUSDT,ANTUSDT,0.01,-4.02,-3.37,0.0,7
294,BITUSDT,ANTUSDT,0.02,-3.71,-3.37,0.15,7
691,FTMUSDT,CELOUSDT,0.04,-3.41,-3.37,0.37,7
303,BITUSDT,KAVAUSDT,0.02,-3.6,-3.37,0.33,7
1362,UNFIUSDT,KAVAUSDT,0.0,-5.64,-3.37,4.75,7
1365,UNFIUSDT,LINKUSDT,0.0,-6.21,-3.37,0.68,7
1184,SANDUSDT,ASTRUSDT,0.04,-3.47,-3.37,14.5,7
1198,SANDUSDT,KAVAUSDT,0.02,-3.72,-3.37,0.64,7
278,AUDIOUSDT,APEUSDT,0.01,-3.89,-3.37,0.05,7
1200,SANDUSDT,LTCUSDT,0.01,-4.01,-3.37,0.01,7
331,CHRUSDT,1INCHUSDT,0.02,-3.66,-3.37,0.21,7
273,ARUSDT,CHZUSDT,0.04,-3.39,-3.37,49.25,7
941,LRCUSDT,ARUSDT,0.03,-3.59,-3.37,0.02,7
152,AGLDUSDT,GMTUSDT,0.02,-3.61,-3.37,0.64,6
1462,XTZUSDT,GMTUSDT,0.02,-3.61,-3.37,2.55,6
317,BTCUSDT,SCRTUSDT,0.0,-4.12,-3.37,25372.96,6
1331,UNFIUSDT,CHZUSDT,0.02,-3.62,-3.37,21.51,6
347,CHRUSDT,BNXUSDT,0.0,-4.25,-3.37,0.0,6
416,COMPUSDT,ARUSDT,0.03,-3.58,-3.37,4.08,6
1437,WAVESUSDT,SCRTUSDT,0.03,-3.49,-3.37,3.39,6
863,LOOKSUSDT,BANDUSDT,0.01,-4.01,-3.37,0.07,6
297,BITUSDT,BANDUSDT,0.04,-3.43,-3.37,0.17,6
169,AGLDUSDT,RSS3USDT,0.01,-3.9,-3.37,1.93,6
1032,MANAUSDT,BNXUSDT,0.01,-3.92,-3.37,0.0,6
1009,LUNA2USDT,ANTUSDT,0.01,-3.77,-3.37,0.83,6
1308,UNFIUSDT,API3USDT,0.01,-3.86,-3.37,2.93,6
1307,UNFIUSDT,APEUSDT,0.0,-5.97,-3.37,1.31,6
1297,UNFIUSDT,10000NFTUSDT,0.0,-5.19,-3.37,884.33,6
1390,UNFIUSDT,STGUSDT,0.0,-5.38,-3.37,9.64,6
1306,UNFIUSDT,ANTUSDT,0.0,-5.68,-3.37,2.21,6
91,ACHUSDT,BNXUSDT,0.04,-3.41,-3.37,0.0,6
1388,UNFIUSDT,SKLUSDT,0.03,-3.5,-3.37,163.59,6
120,ACHUSDT,XEMUSDT,0.03,-3.5,-3.37,0.29,6
922,LOOKSUSDT,TRXUSDT,0.01,-4.04,-3.37,2.4,6
1544,ZILUSDT,ANTUSDT,0.0,-4.24,-3.37,0.01,6
657,ETHUSDT,BNXUSDT,0.01,-3.87,-3.37,7.12,6
694,FTMUSDT,HOTUSDT,0.02,-3.64,-3.37,115.95,6
529,CTKUSDT,XEMUSDT,0.01,-3.98,-3.37,22.83,6
1068,OCEANUSDT,BNXUSDT,0.01,-3.83,-3.37,0.0,6
711,GALAUSDT,BNXUSDT,0.01,-3.91,-3.37,0.0,6
1194,SANDUSDT,GMTUSDT,0.04,-3.46,-3.37,1.45,6
20,1000LUNCUSDT,APEUSDT,0.04,-3.38,-3.37,0.05,6
48,1000XECUSDT,SCRTUSDT,0.0,-4.82,-3.37,0.04,6
1073,OMGUSDT,APEUSDT,0.04,-3.41,-3.37,0.35,5
1430,WAVESUSDT,CRVUSDT,0.01,-3.84,-3.37,4.13,5
11,1000BTTUSDT,LTCUSDT,0.01,-3.9,-3.37,0.0,5
1199,SANDUSDT,LINKUSDT,0.02,-3.69,-3.37,0.09,5
302,BITUSDT,JSTUSDT,0.03,-3.58,-3.37,13.43,5
535,CTSIUSDT,BELUSDT,0.03,-3.52,-3.37,0.25,5
813,KNCUSDT,1INCHUSDT,0.0,-4.15,-3.37,1.1,5
271,ARUSDT,ASTRUSDT,0.02,-3.73,-3.37,246.88,5
699,FTMUSDT,LTCUSDT,0.03,-3.51,-3.37,0.0,5
296,BITUSDT,ASTRUSDT,0.01,-4.06,-3.37,7.53,5
1528,YGGUSDT,STGUSDT,0.0,-4.13,-3.37,0.5,5
101,ACHUSDT,IMXUSDT,0.04,-3.47,-3.37,0.02,5
1209,SKLUSDT,BELUSDT,0.01,-3.94,-3.37,0.06,5
344,CHRUSDT,BELUSDT,0.01,-3.91,-3.37,0.27,5
617,ENJUSDT,BELUSDT,0.03,-3.48,-3.37,0.73,5
1211,SKLUSDT,CELOUSDT,0.02,-3.69,-3.37,0.05,5
514,CTKUSDT,LTCUSDT,0.0,-4.82,-3.37,0.01,5
1426,VETUSDT,CELOUSDT,0.03,-3.51,-3.37,0.04,5
838,LDOUSDT,1INCHUSDT,0.05,-3.38,-3.37,2.16,5
1097,OPUSDT,ANTUSDT,0.03,-3.49,-3.37,0.46,5
1540,ZILUSDT,1INCHUSDT,0.0,-4.39,-3.37,0.04,5
606,DYDXUSDT,MATICUSDT,0.03,-3.54,-3.37,2.23,5
605,DYDXUSDT,LTCUSDT,0.0,-4.14,-3.37,0.03,5
232,API3USDT,DASHUSDT,0.02,-3.74,-3.37,0.04,5
673,FLOWUSDT,BCHUSDT,0.01,-3.87,-3.37,0.01,5
830,KNCUSDT,CELRUSDT,0.0,-4.11,-3.37,51.33,5
593,DYDXUSDT,CELOUSDT,0.01,-4.04,-3.37,3.95,5
201,ALGOUSDT,STGUSDT,0.01,-3.93,-3.37,0.59,5
26,1000LUNCUSDT,CRVUSDT,0.01,-4.0,-3.37,0.3,5
571,DUSKUSDT,ASTRUSDT,0.03,-3.51,-3.37,2.26,5
194,ALGOUSDT,JSTUSDT,0.03,-3.53,-3.37,11.71,5
1170,RVNUSDT,1INCHUSDT,0.03,-3.52,-3.37,0.04,5
1087,ONEUSDT,CRVUSDT,0.01,-3.97,-3.37,0.03,5
552,DGBUSDT,1INCHUSDT,0.01,-3.86,-3.37,0.01,5
819,KNCUSDT,ASTRUSDT,0.0,-4.12,-3.37,15.11,5
1178,RVNUSDT,ASTRUSDT,0.03,-3.56,-3.37,0.55,5
1531,YGGUSDT,TWTUSDT,0.01,-3.96,-3.37,0.1,5
87,ACHUSDT,ANTUSDT,0.03,-3.5,-3.37,0.01,5
837,KNCUSDT,DODOUSDT,0.02,-3.64,-3.37,5.04,5
1182,SANDUSDT,ANTUSDT,0.03,-3.49,-3.37,0.3,5
689,FTMUSDT,BELUSDT,0.02,-3.62,-3.37,0.43,5
942,LRCUSDT,ASTRUSDT,0.01,-3.85,-3.37,6.18,5
170,AGLDUSDT,SCRTUSDT,0.01,-3.83,-3.37,0.38,5
960,LRCUSDT,ETHWUSDT,0.02,-3.61,-3.37,0.07,5
103,ACHUSDT,KAVAUSDT,0.03,-3.51,-3.37,0.01,5
408,CHZUSDT,1INCHUSDT,0.03,-3.48,-3.37,0.37,5
497,CTKUSDT,BELUSDT,0.01,-3.86,-3.37,1.86,5
896,LOOKSUSDT,KSMUSDT,0.02,-3.76,-3.37,0.01,5
1104,OPUSDT,CELOUSDT,0.01,-4.07,-3.37,1.83,5
381,CHRUSDT,MATICUSDT,0.02,-3.72,-3.37,0.13,5
1505,YGGUSDT,CRVUSDT,0.02,-3.63,-3.37,0.4,5
1543,ZILUSDT,ANKRUSDT,0.01,-3.9,-3.37,1.02,5
407,CHRUSDT,ZRXUSDT,0.02,-3.72,-3.37,0.58,5
758,GMTUSDT,1000BTTUSDT,0.0,-4.91,-3.37,573.12,5
1057,NEOUSDT,LTCUSDT,0.02,-3.74,-3.37,0.1,5
1109,OPUSDT,DASHUSDT,0.01,-3.92,-3.37,0.02,5
1467,XTZUSDT,LINKUSDT,0.02,-3.6,-3.37,0.16,5
650,ETCUSDT,CRVUSDT,0.0,-4.2,-3.37,34.59,5
136,AGLDUSDT,ASTRUSDT,0.01,-3.83,-3.37,6.43,5
736,GLMRUSDT,ANTUSDT,0.01,-3.92,-3.37,0.18,5
945,LRCUSDT,BELUSDT,0.02,-3.69,-3.37,0.58,5
739,GLMRUSDT,ASTRUSDT,0.01,-3.79,-3.37,8.84,5
864,LOOKSUSDT,BCHUSDT,0.02,-3.71,-3.37,0.0,5
974,LRCUSDT,KSMUSDT,0.03,-3.48,-3.37,0.01,5
163,AGLDUSDT,MATICUSDT,0.01,-3.77,-3.37,0.29,5
785,ILVUSDT,ANTUSDT,0.02,-3.69,-3.37,21.76,5
1011,LUNA2USDT,ASTRUSDT,0.02,-3.69,-3.37,40.39,5
716,GALAUSDT,DASHUSDT,0.04,-3.39,-3.37,0.0,5
1010,LUNA2USDT,APEUSDT,0.01,-4.05,-3.37,0.49,5
144,AGLDUSDT,COTIUSDT,0.03,-3.5,-3.37,3.42,4
846,LINAUSDT,BNXUSDT,0.01,-3.99,-3.37,0.0,4
1381,UNFIUSDT,RENUSDT,0.04,-3.44,-3.37,54.64,4
985,LRCUSDT,SCRTUSDT,0.0,-4.56,-3.37,0.36,4
1317,UNFIUSDT,BANDUSDT,0.0,-5.33,-3.37,2.39,4
1247,SLPUSDT,BNXUSDT,0.0,-4.56,-3.37,0.0,4
866,LOOKSUSDT,BNXUSDT,0.0,-4.14,-3.37,0.0,4
1000,LRCUSDT,XEMUSDT,0.01,-3.96,-3.37,7.16,4
1422,VETUSDT,BANDUSDT,0.02,-3.68,-3.37,0.01,4
239,API3USDT,HOTUSDT,0.03,-3.57,-3.37,929.53,4
722,GALUSDT,BANDUSDT,0.04,-3.45,-3.37,0.77,4
1416,USDCUSDT,1INCHUSDT,0.0,-13.8,-3.37,1.97,4
41,1000XECUSDT,BNXUSDT,0.03,-3.52,-3.37,0.0,4
482,COMPUSDT,XEMUSDT,0.03,-3.55,-3.37,1167.72,4
1396,UNFIUSDT,TOMOUSDT,0.0,-5.54,-3.37,13.92,4
812,KNCUSDT,10000NFTUSDT,0.02,-3.71,-3.37,123.87,4
1304,UNFIUSDT,ALPHAUSDT,0.02,-3.62,-3.37,48.37,4
1451,XTZUSDT,BANDUSDT,0.03,-3.51,-3.37,0.56,4
971,LRCUSDT,KAVAUSDT,0.02,-3.73,-3.37,0.27,3
1102,OPUSDT,BELUSDT,0.0,-4.61,-3.37,2.13,3
100,ACHUSDT,GMTUSDT,0.03,-3.49,-3.37,0.02,3
207,ALPHAUSDT,CRVUSDT,0.03,-3.57,-3.37,0.16,3
98,ACHUSDT,DASHUSDT,0.04,-3.4,-3.37,0.0,3
873,LOOKSUSDT,CHZUSDT,0.03,-3.58,-3.37,0.65,3
159,AGLDUSDT,KSMUSDT,0.01,-3.83,-3.37,0.01,3
1143,REEFUSDT,ANTUSDT,0.03,-3.48,-3.37,0.0,3
833,KNCUSDT,CRVUSDT,0.0,-4.33,-3.37,1.08,3
1145,REEFUSDT,BCHUSDT,0.04,-3.38,-3.37,0.0,3
1144,REEFUSDT,APEUSDT,0.04,-3.41,-3.37,0.0,3
621,ENJUSDT,CELRUSDT,0.04,-3.42,-3.37,26.24,3
161,AGLDUSDT,LTCUSDT,0.01,-3.88,-3.37,0.0,3
953,LRCUSDT,CRVUSDT,0.01,-4.08,-3.37,0.44,3
857,LOOKSUSDT,ANTUSDT,0.01,-4.05,-3.37,0.07,3
96,ACHUSDT,CRVUSDT,0.04,-3.44,-3.37,0.02,3
616,ENJUSDT,APEUSDT,0.02,-3.63,-3.37,0.09,3
623,ENJUSDT,CRVUSDT,0.0,-4.18,-3.37,0.55,3
1452,XTZUSDT,BCHUSDT,0.04,-3.41,-3.37,0.01,3
187,ALGOUSDT,ANTUSDT,0.04,-3.41,-3.37,0.13,3
668,FLOWUSDT,APEUSDT,0.01,-3.83,-3.37,0.37,3
190,ALGOUSDT,BCHUSDT,0.03,-3.5,-3.37,0.0,3
944,LRCUSDT,BCHUSDT,0.03,-3.59,-3.37,0.0,3
858,LOOKSUSDT,APEUSDT,0.01,-3.95,-3.37,0.04,3
1456,XTZUSDT,CRVUSDT,0.01,-4.01,-3.37,1.83,3
967,LRCUSDT,IMXUSDT,0.02,-3.69,-3.37,0.57,3
145,AGLDUSDT,CRVUSDT,0.0,-4.29,-3.37,0.46,3
1459,XTZUSDT,DASHUSDT,0.03,-3.57,-3.37,0.03,3
1420,VETUSDT,APEUSDT,0.02,-3.64,-3.37,0.01,3
625,ENJUSDT,DASHUSDT,0.04,-3.46,-3.37,0.01,3
193,ALGOUSDT,DASHUSDT,0.03,-3.54,-3.37,0.01,3
1106,OPUSDT,CRVUSDT,0.0,-4.21,-3.37,1.61,3
655,ETHUSDT,APEUSDT,0.04,-3.38,-3.37,364.31,3
1105,OPUSDT,CHZUSDT,0.04,-3.43,-3.37,4.49,3
1271,SLPUSDT,LINKUSDT,0.04,-3.44,-3.37,0.0,3
356,CHRUSDT,CRVUSDT,0.0,-4.41,-3.37,0.2,3
1050,NEOUSDT,CRVUSDT,0.0,-4.26,-3.37,12.39,3
1214,SKLUSDT,CRVUSDT,0.0,-4.43,-3.37,0.05,3
707,GALAUSDT,APEUSDT,0.03,-3.5,-3.37,0.01,3
939,LRCUSDT,ANTUSDT,0.02,-3.68,-3.37,0.13,3
937,LRCUSDT,1INCHUSDT,0.03,-3.52,-3.37,0.45,3
876,LOOKSUSDT,CRVUSDT,0.01,-4.01,-3.37,0.23,3
714,GALAUSDT,CRVUSDT,0.02,-3.67,-3.37,0.05,3
718,GALUSDT,1INCHUSDT,0.05,-3.37,-3.37,2.55,3
501,CTKUSDT,CRVUSDT,0.0,-4.36,-3.37,1.41,3
1227,SKLUSDT,LINKUSDT,0.02,-3.6,-3.37,0.0,3
377,CHRUSDT,LTCUSDT,0.01,-4.02,-3.37,0.0,3
719,GALUSDT,ANTUSDT,0.01,-3.93,-3.37,0.71,3
720,GALUSDT,APEUSDT,0.03,-3.55,-3.37,0.42,3
721,GALUSDT,ASTRUSDT,0.01,-3.81,-3.37,34.94,3
1052,NEOUSDT,DASHUSDT,0.04,-3.41,-3.37,0.18,3
1023,LUNA2USDT,CELRUSDT,0.02,-3.65,-3.37,137.18,3
977,LRCUSDT,LTCUSDT,0.02,-3.75,-3.37,0.0,3
891,LOOKSUSDT,IMXUSDT,0.01,-3.97,-3.37,0.3,3
1507,YGGUSDT,CVXUSDT,0.02,-3.61,-3.37,0.06,3
727,GALUSDT,CELRUSDT,0.04,-3.41,-3.37,118.67,3
1520,YGGUSDT,LTCUSDT,0.01,-3.86,-3.37,0.0,3
468,COMPUSDT,STGUSDT,0.0,-4.11,-3.37,90.04,3
1288,SXPUSDT,ASTRUSDT,0.03,-3.59,-3.37,5.9,3
1518,YGGUSDT,KSMUSDT,0.01,-3.79,-3.37,0.01,3
1253,SLPUSDT,CRVUSDT,0.01,-4.05,-3.37,0.0,3
451,COMPUSDT,LTCUSDT,0.01,-4.04,-3.37,0.6,3
1281,SNXUSDT,CRVUSDT,0.01,-3.88,-3.37,3.12,3
448,COMPUSDT,KSMUSDT,0.02,-3.67,-3.37,1.57,3
447,COMPUSDT,KAVAUSDT,0.01,-3.95,-3.37,44.32,3
415,COMPUSDT,APEUSDT,0.0,-4.18,-3.37,12.19,3
433,COMPUSDT,DASHUSDT,0.01,-3.89,-3.37,1.07,3
804,KLAYUSDT,KAVAUSDT,0.04,-3.46,-3.37,0.19,3
1293,THETAUSDT,APEUSDT,0.04,-3.44,-3.37,0.27,3
71,AAVEUSDT,LINKUSDT,0.01,-4.11,-3.37,9.37,3
604,DYDXUSDT,LINKUSDT,0.01,-3.92,-3.37,0.31,3
1151,REEFUSDT,DASHUSDT,0.04,-3.38,-3.37,0.0,3
1157,REEFUSDT,KAVAUSDT,0.04,-3.41,-3.37,0.0,3
1536,YGGUSDT,ZENUSDT,0.02,-3.6,-3.37,0.02,3
1159,RENUSDT,1INCHUSDT,0.04,-3.39,-3.37,0.14,3
1385,UNFIUSDT,SCRTUSDT,0.0,-4.31,-3.37,6.34,3
824,KNCUSDT,BELUSDT,0.0,-4.17,-3.37,1.43,3
681,FLOWUSDT,CRVUSDT,0.0,-4.17,-3.37,2.16,3
979,LRCUSDT,ONTUSDT,0.04,-3.38,-3.37,1.36,3
978,LRCUSDT,MATICUSDT,0.03,-3.55,-3.37,0.28,3
1174,RVNUSDT,ANTUSDT,0.03,-3.49,-3.37,0.01,3
430,COMPUSDT,CRVUSDT,0.0,-4.4,-3.37,72.02,3
73,AAVEUSDT,MATICUSDT,0.04,-3.42,-3.37,68.42,3
541,CTSIUSDT,LINKUSDT,0.03,-3.48,-3.37,0.02,3
282,AVAXUSDT,CRVUSDT,0.0,-4.25,-3.37,23.01,3
818,KNCUSDT,APEUSDT,0.0,-4.31,-3.37,0.18,3
537,CTSIUSDT,CRVUSDT,0.0,-4.32,-3.37,0.19,3
1190,SANDUSDT,CRVUSDT,0.0,-4.27,-3.37,1.04,3
1077,OMGUSDT,CRVUSDT,0.02,-3.65,-3.37,2.08,3
817,KNCUSDT,ANTUSDT,0.0,-4.23,-3.37,0.31,3
1193,SANDUSDT,DASHUSDT,0.02,-3.69,-3.37,0.02,3
692,FTMUSDT,CRVUSDT,0.0,-4.54,-3.37,0.33,3
305,BITUSDT,LINKUSDT,0.03,-3.49,-3.37,0.05,3
940,LRCUSDT,APEUSDT,0.01,-3.83,-3.37,0.07,3
337,CHRUSDT,ANTUSDT,0.01,-3.79,-3.37,0.06,3
706,GALAUSDT,ANTUSDT,0.02,-3.62,-3.37,0.01,3
809,KLAYUSDT,SCRTUSDT,0.01,-3.81,-3.37,0.26,3
1496,YGGUSDT,BCHUSDT,0.01,-3.95,-3.37,0.0,3
1150,REEFUSDT,CRVUSDT,0.03,-3.5,-3.37,0.01,3
943,LRCUSDT,BANDUSDT,0.02,-3.74,-3.37,0.14,2
90,ACHUSDT,BANDUSDT,0.04,-3.42,-3.37,0.01,2
1473,XTZUSDT,SCRTUSDT,0.0,-4.19,-3.37,1.5,2
13,1000BTTUSDT,SCRTUSDT,0.01,-3.77,-3.37,0.0,2
639,ENJUSDT,STGUSDT,0.04,-3.39,-3.37,0.69,2
701,FTMUSDT,SCRTUSDT,0.01,-3.94,-3.37,0.27,2
946,LRCUSDT,BNXUSDT,0.0,-4.25,-3.37,0.0,2
367,CHRUSDT,HNTUSDT,0.0,-4.79,-3.37,0.05,2
791,IOSTUSDT,BNXUSDT,0.01,-3.79,-3.37,0.0,2
799,KLAYUSDT,BNXUSDT,0.02,-3.68,-3.37,0.0,2
1294,THETAUSDT,BNXUSDT,0.01,-3.92,-3.37,0.01,2
495,CTKUSDT,BANDUSDT,0.01,-3.98,-3.37,0.44,2
1289,SXPUSDT,BNXUSDT,0.03,-3.5,-3.37,0.0,2
521,CTKUSDT,SCRTUSDT,0.03,-3.48,-3.37,1.16,2
1332,UNFIUSDT,COTIUSDT,0.0,-4.42,-3.37,57.4,2
342,CHRUSDT,BANDUSDT,0.02,-3.71,-3.37,0.06,2
466,COMPUSDT,SCRTUSDT,0.01,-3.77,-3.37,59.17,2
1079,OMGUSDT,SCRTUSDT,0.01,-4.0,-3.37,1.71,2
288,AVAXUSDT,SCRTUSDT,0.01,-3.89,-3.37,18.89,2
543,CTSIUSDT,SCRTUSDT,0.03,-3.54,-3.37,0.16,2
572,DUSKUSDT,BNXUSDT,0.03,-3.52,-3.37,0.0,2
1165,RSRUSDT,BNXUSDT,0.01,-3.81,-3.37,0.0,2
256,API3USDT,SCRTUSDT,0.02,-3.72,-3.37,2.16,2
825,KNCUSDT,BNXUSDT,0.0,-4.34,-3.37,0.0,2
1398,UNFIUSDT,TRXUSDT,0.0,-5.29,-3.37,79.19,2
724,GALUSDT,BNXUSDT,0.01,-4.09,-3.37,0.01,2
743,GLMRUSDT,BANDUSDT,0.01,-3.85,-3.37,0.2,2
672,FLOWUSDT,BANDUSDT,0.04,-3.42,-3.37,0.67,2
1146,REEFUSDT,BNXUSDT,0.01,-4.03,-3.37,0.0,2
1135,OPUSDT,XEMUSDT,0.04,-3.39,-3.37,26.12,2
618,ENJUSDT,BNXUSDT,0.01,-3.99,-3.37,0.0,2
471,COMPUSDT,SXPUSDT,0.03,-3.49,-3.37,170.8,2
1264,SLPUSDT,HNTUSDT,0.04,-3.45,-3.37,0.0,2
636,ENJUSDT,SCRTUSDT,0.0,-4.62,-3.37,0.45,2
390,CHRUSDT,SCRTUSDT,0.0,-4.61,-3.37,0.17,2
57,AAVEUSDT,1INCHUSDT,0.03,-3.51,-3.37,109.17,1
1521,YGGUSDT,MATICUSDT,0.01,-3.84,-3.37,0.26,1
114,ACHUSDT,STGUSDT,0.02,-3.61,-3.37,0.02,1
913,LOOKSUSDT,STGUSDT,0.0,-4.33,-3.37,0.29,1
1218,SKLUSDT,DASHUSDT,0.03,-3.55,-3.37,0.0,1
899,LOOKSUSDT,LINKUSDT,0.01,-3.95,-3.37,0.02,1
684,FLOWUSDT,DASHUSDT,0.01,-3.91,-3.37,0.03,1
588,DUSKUSDT,STGUSDT,0.02,-3.67,-3.37,0.2,1
1158,REEFUSDT,LINKUSDT,0.04,-3.43,-3.37,0.0,1
667,FLOWUSDT,ANTUSDT,0.01,-3.99,-3.37,0.62,1
665,FLOWUSDT,1INCHUSDT,0.01,-3.8,-3.37,2.21,1
632,ENJUSDT,LINKUSDT,0.04,-3.42,-3.37,0.05,1
1519,YGGUSDT,LINKUSDT,0.01,-3.99,-3.37,0.04,1
414,COMPUSDT,ANTUSDT,0.01,-3.86,-3.37,20.6,1
453,COMPUSDT,MATICUSDT,0.01,-3.83,-3.37,46.16,1
1257,SLPUSDT,DASHUSDT,0.04,-3.44,-3.37,0.0,1
149,AGLDUSDT,DASHUSDT,0.01,-3.84,-3.37,0.01,1
160,AGLDUSDT,LINKUSDT,0.01,-3.83,-3.37,0.04,1
956,LRCUSDT,DASHUSDT,0.02,-3.64,-3.37,0.01,1
104,ACHUSDT,LINKUSDT,0.03,-3.47,-3.37,0.0,1
860,LOOKSUSDT,ASTRUSDT,0.01,-4.05,-3.37,3.26,1
854,LOOKSUSDT,1INCHUSDT,0.01,-3.77,-3.37,0.24,1
186,ALGOUSDT,1INCHUSDT,0.03,-3.57,-3.37,0.48,1
196,ALGOUSDT,KSMUSDT,0.04,-3.47,-3.37,0.01,1
197,ALGOUSDT,LINKUSDT,0.02,-3.61,-3.37,0.04,1
976,LRCUSDT,LINKUSDT,0.02,-3.7,-3.37,0.04,1
1489,YGGUSDT,1INCHUSDT,0.01,-3.95,-3.37,0.41,1
822,KNCUSDT,BATUSDT,0.02,-3.62,-3.37,2.57,1
275,ARUSDT,STGUSDT,0.01,-3.97,-3.37,22.06,1
989,LRCUSDT,STGUSDT,0.01,-4.07,-3.37,0.55,1
816,KNCUSDT,ANKRUSDT,0.02,-3.62,-3.37,27.06,1
307,BITUSDT,STGUSDT,0.01,-4.07,-3.37,0.67,1
72,AAVEUSDT,LTCUSDT,0.04,-3.41,-3.37,0.88,1
806,KLAYUSDT,LINKUSDT,0.04,-3.45,-3.37,0.03,1
68,AAVEUSDT,DASHUSDT,0.03,-3.55,-3.37,1.59,1
359,CHRUSDT,DASHUSDT,0.01,-3.84,-3.37,0.0,1
394,CHRUSDT,STGUSDT,0.01,-4.04,-3.37,0.25,1
1508,YGGUSDT,DASHUSDT,0.01,-3.96,-3.37,0.01,1
880,LOOKSUSDT,DASHUSDT,0.01,-3.86,-3.37,0.0,1
60,AAVEUSDT,BCHUSDT,0.0,-4.27,-3.37,0.53,1
428,COMPUSDT,COTIUSDT,0.01,-4.1,-3.37,535.85,1
354,CHRUSDT,COTIUSDT,0.02,-3.68,-3.37,1.51,1
